-- phpMyAdmin SQL Dump
-- version 4.9.5
-- https://www.phpmyadmin.net/
--
-- Servidor: localhost:3306
-- Tiempo de generación: 16-04-2021 a las 15:36:56
-- Versión del servidor: 10.3.28-MariaDB
-- Versión de PHP: 7.3.27

SET SQL_MODE = "NO_AUTO_VALUE_ON_ZERO";
SET AUTOCOMMIT = 0;
START TRANSACTION;
SET time_zone = "+00:00";


/*!40101 SET @OLD_CHARACTER_SET_CLIENT=@@CHARACTER_SET_CLIENT */;
/*!40101 SET @OLD_CHARACTER_SET_RESULTS=@@CHARACTER_SET_RESULTS */;
/*!40101 SET @OLD_COLLATION_CONNECTION=@@COLLATION_CONNECTION */;
/*!40101 SET NAMES utf8mb4 */;

--
-- Base de datos: `inverbie_palmareca`
--

-- --------------------------------------------------------

--
-- Estructura de tabla para la tabla `c19_app_config`
--

CREATE TABLE `c19_app_config` (
  `key` varchar(255) NOT NULL,
  `value` varchar(255) NOT NULL
) ENGINE=InnoDB DEFAULT CHARSET=utf8;

--
-- Volcado de datos para la tabla `c19_app_config`
--

INSERT INTO `c19_app_config` (`key`, `value`) VALUES
('address', 'Your Address'),
('company', 'Inverbienes'),
('currency_side', ''),
('currency_symbol', '$'),
('custom10_name', '0'),
('custom1_name', '0'),
('custom2_name', '0'),
('custom3_name', '0'),
('custom4_name', '0'),
('custom5_name', '0'),
('custom6_name', '0'),
('custom7_name', '0'),
('custom8_name', '0'),
('custom9_name', '0'),
('default_tax_1_name', '0'),
('default_tax_1_rate', '0'),
('default_tax_2_name', '0'),
('default_tax_2_rate', '0'),
('email', ''),
('fax', ''),
('language', 'es'),
('logo', 'o_1f1i2qffno01183qt8vijv70a7.png'),
('phone', '111-2222'),
('print_after_sale', '0'),
('recv_invoice_format', '0'),
('return_policy', '0'),
('sales_invoice_format', '0'),
('tax_included', '0'),
('timezone', 'America/New_York'),
('website', 'http://www.inverbienescancun.com');

-- --------------------------------------------------------

--
-- Estructura de tabla para la tabla `c19_attachments`
--

CREATE TABLE `c19_attachments` (
  `attachment_id` int(11) NOT NULL,
  `loan_id` int(11) NOT NULL,
  `customer_id` int(11) NOT NULL,
  `filename` varchar(100) NOT NULL,
  `descriptions` varchar(100) NOT NULL,
  `session_id` varchar(100) NOT NULL
) ENGINE=InnoDB DEFAULT CHARSET=latin1;

--
-- Volcado de datos para la tabla `c19_attachments`
--

INSERT INTO `c19_attachments` (`attachment_id`, `loan_id`, `customer_id`, `filename`, `descriptions`, `session_id`) VALUES
(1, 0, 0, 'o_1av647e1p1q191c5rk5hdrfkc47.jpg', '', 'v674W7tyKAiPgFpT'),
(2, 0, 0, 'o_1f1c3no07od0t5o9gkj3lu127.png', '', 'v5YCQ2HO3UbDAVkw'),
(3, 0, 0, 'o_1f1c3v9k310mi4iasce1nb5v867.png', '', 'mhOPp6uFL1iHjW0q'),
(4, 0, 0, 'o_1f1c4dctol8t15rn1f68g0f1q687.PNG', '', 'MDtTWP7Q3mShkcwe'),
(10, 8, 0, 'o_1f1kppku31idf12p919q61gss2jf7.xlsx', '', 'jof78kLSy4E3inVY'),
(12, 0, 0, 'o_1f28pognc11g21h0v1mgl1lu6ftj7.PDF', '', 'ZDCtcvEhsUL09u6Q'),
(14, 0, 6, 'o_1f33hhgv91n311v0b124g1a4jboc.PDF', '', ''),
(16, 4, 0, 'o_1f33kfdi9r9h1q6c8t0ctfoq7.PDF', '', ''),
(17, 0, 7, 'o_1f33mbls3eso1tfiiku17a117mic.PDF', '', ''),
(18, 5, 0, 'o_1f33sc5dr1v2b1rd4nk61139mqe7.PDF', '', ''),
(19, 0, 8, 'o_1f33uh0qc17pp18ih185916qf7vvc.PDF', '', ''),
(20, 6, 0, 'o_1f33v9mc91es214561fcfa0r17gq7.PDF', '', '6KptTLFyNsC1SVfD'),
(21, 0, 9, 'o_1f341ljcdffhrdv7thb671ltmk.PDF', '', 'lFGLkbT4Xcpg1UDx'),
(22, 7, 0, 'o_1f3424gm818ph1pkf1vko1n3hr4e7.PDF', '', '9eRubJWqDt6GQmB4'),
(23, 0, 10, 'o_1f34515et1t1t1tgb12gv16hc1kgnk.PDF', '', 'dZxwOoGDty5j7psg'),
(24, 0, 0, 'o_1f345d9evr2nu9k1g7t1lnba3c7.PDF', '', 'evimSMOc9k3gVnqY'),
(26, 0, 11, 'o_1f35rndgm1peo1fjblqe1ep7o65c.PDF', '', ''),
(27, 9, 0, 'o_1f35rsslcct8iebit1n8o182e7.PDF', '', '5O0jdrfMy9DST7FH'),
(28, 0, 12, 'o_1f35t09f7c9q1ji3euk15t1ef3c.PDF', '', 'eHziwZv7rcVN1Fsx'),
(29, 10, 0, 'o_1f35tbl8q12gsoij1mn65rm199g7.PDF', '', '51rKIWZFuwzRjQxc');

-- --------------------------------------------------------

--
-- Estructura de tabla para la tabla `c19_customers`
--

CREATE TABLE `c19_customers` (
  `person_id` int(10) NOT NULL,
  `account_number` varchar(255) DEFAULT NULL,
  `credit_limit` decimal(10,2) NOT NULL,
  `conyuge_name` varchar(100) DEFAULT NULL,
  `celular` varchar(50) DEFAULT NULL,
  `oficina` varchar(50) DEFAULT NULL,
  `lugar_nacimiento` varchar(100) DEFAULT NULL,
  `fecha_nacimiento` varchar(50) DEFAULT NULL,
  `lugar_trabajo` varchar(50) DEFAULT NULL,
  `puesto` varchar(50) DEFAULT NULL,
  `facebook` varchar(50) DEFAULT NULL,
  `refnombre1` varchar(100) DEFAULT NULL,
  `refdireccion1` varchar(200) DEFAULT NULL,
  `reftel1` varchar(50) DEFAULT NULL,
  `refparentesco1` varchar(50) DEFAULT NULL,
  `refnombre2` varchar(100) DEFAULT NULL,
  `refdireccion2` varchar(200) DEFAULT NULL,
  `reftel2` varchar(50) DEFAULT NULL,
  `refparentesco2` varchar(50) DEFAULT NULL,
  `refnombre3` varchar(100) DEFAULT NULL,
  `refdireccion3` varchar(200) DEFAULT NULL,
  `reftel3` varchar(50) DEFAULT NULL,
  `refparentesco3` varchar(50) DEFAULT NULL,
  `taxable` int(1) NOT NULL DEFAULT 1,
  `deleted` int(1) NOT NULL DEFAULT 0,
  `added_by` int(5) DEFAULT NULL
) ENGINE=InnoDB DEFAULT CHARSET=utf8;

--
-- Volcado de datos para la tabla `c19_customers`
--

INSERT INTO `c19_customers` (`person_id`, `account_number`, `credit_limit`, `conyuge_name`, `celular`, `oficina`, `lugar_nacimiento`, `fecha_nacimiento`, `lugar_trabajo`, `puesto`, `facebook`, `refnombre1`, `refdireccion1`, `reftel1`, `refparentesco1`, `refnombre2`, `refdireccion2`, `reftel2`, `refparentesco2`, `refnombre3`, `refdireccion3`, `reftel3`, `refparentesco3`, `taxable`, `deleted`, `added_by`) VALUES
(2, 'sincuenta', 0.00, 'sin conyuge', 'sin celular', 'sin tel oficina', 'sin lugar nacimiento', '0/0/0', 'sin lugar de trabajo', 'sin puesto', 'sin facebook', 'sin nom referencia1', 'sin direccion referencia1', 'sin telefono referencia1', 'sin parentesco1', 'sin nombre referencia2', 'sin direccion referencia2', 'sin telefono referencia2', 'sin parentesco referencia2', 'sin nombre referencia 3', 'sin direccion referencia3', 'sin telefono referencia3', 'sin parentesco referencia3', 0, 0, 1),
(4, NULL, 0.00, 'Veronica Sanchez Legaria', '9615938015', 'Sin Telefono de oficina', 'Mexico D.F. ', '02 de agosto de 1974', 'Cubo Negocios', 'Director de Plaza', 'Javier Gomez', 'Ricardo Gomez Mejia', 'Sin direccion', '7442252495', 'Hermano', 'Rodrigo Reyes', 'Sin direccion', '9984205285', 'amigo', 'Sin datos', 'Sin datos', 'Sin datos', 'Hermano', 0, 0, 1),
(6, NULL, 0.00, 'SIN CONYUGE', '9982032958', '9982032958', 'YUCATAN', '12 DE JUNIO DE 1973', 'DESPACHO CONTABLE', 'DUEÑO', 'https://www.facebook.com/jorrge.rosas', 'LEONOR FIGUEROA', 'CANCUN', '8845647', 'AMISTAD', 'OMAR DZIB', 'CANCUN', '8721159', 'AMISTAD', '', '', '', 'AMISTAD', 0, 0, 3),
(7, NULL, 0.00, '', '9982414894', '8487900', 'PUEBLA PUEBLA', '28/08/1985', 'ORIGINAL RESORTS', 'GERENTE DE CAPACITACION ', '', 'IRENE PORRAS BADILLO', '', '9982414894', 'HERMANA', '', '', '', '', '', '', '', 'HERMANA', 0, 0, 3),
(8, NULL, 0.00, 'CASADO', '9383891360', '', 'MEXICO D.F', '6 DE NOVIEMBRE 1971', 'EMPRESA PEMEX', 'INGENIERO ', '', 'MARISOL GARCIA DIAZ ', 'CALLE TIKAL 10 FRACC. MUNDO MAYA ', '9381254770', '', '', '', '', '', '', '', '', '', 0, 0, 3),
(9, NULL, 0.00, 'CASADO', '9981301044', '', 'MERIDA YUCATAN', '', 'CAPROCI', 'DUEÑO', '', 'IRENE PEREZ DURAN', '', '9982155072', '', 'MARTIN PEREZ DURAN', '', '9981926142', '', '', '', '', '', 0, 0, 3),
(10, NULL, 0.00, 'DIVORCIADO', '9987359202', '9848772457', 'MEXICO D.F', '20 DE NOVIEMBRE 1969', 'GRUPO SUNSET ', 'GERENTE DE VENTAS ', '', 'PAOLA RAMIREZ HERNANDEZ ', 'RESIDENCIAL CANTABRIA ', '9981985252', '', 'MANUEL LAMADRID', 'CALLE MILAZO FRACC VILLAS MARINO ', '9988457289', '', '', '', '', '', 0, 0, 3),
(11, NULL, 0.00, 'CASADA', '9363640305', '', 'NONCHITAL VERACRUZ', '26 DE MAYO 1949', 'PARTICULAR', '', '', 'ESMERALDA PALOMERA CELIS', 'MANZANA 12 CASA 14 COL. AMPLIACION OBRERA', '9931176615', '', '', '', '', '', '', '', '', '', 0, 0, 3),
(12, NULL, 0.00, 'CASADA', '938 1046550', '', 'SAN ANDRES TUXTLA, VERACRUZ', '09 DE MAYO 1978', 'COTEMAR S.A DE C.V', 'SUPERVISORA', '', 'ALEJANDRO FOMPEROSA ROMERO ', 'CALLE SAN MIGUEL S/N COL. 1 DE MAYO', '012949423558', '', '', '', '', '', '', '', '', '', 0, 0, 3);

-- --------------------------------------------------------

--
-- Estructura de tabla para la tabla `c19_emails`
--

CREATE TABLE `c19_emails` (
  `email_id` int(11) NOT NULL,
  `template_name` varchar(300) DEFAULT NULL,
  `templates` text DEFAULT NULL,
  `descriptions` text NOT NULL,
  `person_id` int(11) NOT NULL
) ENGINE=InnoDB DEFAULT CHARSET=latin1 ROW_FORMAT=COMPACT;

-- --------------------------------------------------------

--
-- Estructura de tabla para la tabla `c19_employees`
--

CREATE TABLE `c19_employees` (
  `username` varchar(255) NOT NULL,
  `password` varchar(255) NOT NULL,
  `person_id` int(10) NOT NULL,
  `added_by` int(10) NOT NULL,
  `deleted` int(1) NOT NULL DEFAULT 0
) ENGINE=InnoDB DEFAULT CHARSET=utf8;

--
-- Volcado de datos para la tabla `c19_employees`
--

INSERT INTO `c19_employees` (`username`, `password`, `person_id`, `added_by`, `deleted`) VALUES
('admin', '0192023a7bbd73250516f069df18b500', 1, 1, 0),
('reyna', 'd56f9149f115c459482c0c1167550129', 3, 1, 0),
('viridiana', '4a876998dbc1306a954a1e5640cf5af3', 5, 1, 0);

-- --------------------------------------------------------

--
-- Estructura de tabla para la tabla `c19_financial_status`
--

CREATE TABLE `c19_financial_status` (
  `financial_status_id` int(11) NOT NULL,
  `person_id` int(11) NOT NULL,
  `income_sources` text NOT NULL
) ENGINE=InnoDB DEFAULT CHARSET=latin1;

--
-- Volcado de datos para la tabla `c19_financial_status`
--

INSERT INTO `c19_financial_status` (`financial_status_id`, `person_id`, `income_sources`) VALUES
(1, 2, '[\"=\"]'),
(2, 4, '[\"=\"]'),
(3, 6, '[\"CONTADOR=\"]'),
(4, 7, '[\"GERENTE DE CAPACITACION=\"]'),
(5, 8, '[\"=\"]'),
(6, 9, '[\"=\"]'),
(7, 10, '[\"=\"]'),
(8, 11, '[\"=\"]'),
(9, 12, '[\"=\"]');

-- --------------------------------------------------------

--
-- Estructura de tabla para la tabla `c19_grants`
--

CREATE TABLE `c19_grants` (
  `permission_id` varchar(255) NOT NULL,
  `person_id` int(10) NOT NULL
) ENGINE=InnoDB DEFAULT CHARSET=utf8;

--
-- Volcado de datos para la tabla `c19_grants`
--

INSERT INTO `c19_grants` (`permission_id`, `person_id`) VALUES
('config', 1),
('config', 3),
('config', 5),
('customers', 1),
('customers', 3),
('customers', 5),
('emails', 1),
('emails', 3),
('emails', 5),
('employees', 1),
('employees', 3),
('employees', 5),
('loans', 1),
('loans', 3),
('loans', 5),
('loan_types', 1),
('loan_types', 3),
('loan_types', 5),
('lotes', 1),
('lotes', 3),
('lotes', 5),
('messages', 1),
('messages', 3),
('messages', 5),
('my_wallets', 1),
('my_wallets', 3),
('my_wallets', 5),
('overdues', 1),
('overdues', 3),
('overdues', 5),
('payments', 1),
('payments', 3),
('payments', 5),
('roles', 1),
('roles', 3),
('roles', 5);

-- --------------------------------------------------------

--
-- Estructura de tabla para la tabla `c19_guarantee`
--

CREATE TABLE `c19_guarantee` (
  `guarantee_id` int(11) NOT NULL,
  `loan_id` int(11) NOT NULL DEFAULT 0,
  `lote_id` int(11) NOT NULL,
  `name` varchar(300) NOT NULL,
  `type` varchar(300) NOT NULL,
  `brand` varchar(50) NOT NULL,
  `make` varchar(50) NOT NULL,
  `serial` varchar(50) NOT NULL,
  `price` decimal(10,2) NOT NULL,
  `proof` varchar(1000) NOT NULL,
  `images` varchar(1000) NOT NULL,
  `observations` varchar(1000) NOT NULL
) ENGINE=InnoDB DEFAULT CHARSET=latin1;

-- --------------------------------------------------------

--
-- Estructura de tabla para la tabla `c19_loans`
--

CREATE TABLE `c19_loans` (
  `loan_id` int(11) NOT NULL,
  `account` varchar(50) NOT NULL,
  `description` varchar(300) NOT NULL,
  `remarks` varchar(300) NOT NULL,
  `loan_type_id` int(11) NOT NULL,
  `customer_id` int(11) NOT NULL,
  `lote_id` int(11) NOT NULL,
  `enganche` int(11) DEFAULT NULL,
  `mantenimiento` int(11) DEFAULT NULL,
  `observacion_lote` varchar(250) DEFAULT NULL,
  `loan_amount` decimal(10,2) NOT NULL,
  `loan_balance` decimal(10,2) NOT NULL,
  `loan_status` enum('pending','approved','on going','paid') NOT NULL,
  `loan_agent_id` int(11) NOT NULL,
  `loan_approved_by_id` int(11) NOT NULL,
  `loan_reviewed_by_id` int(11) NOT NULL,
  `loan_applied_date` int(11) NOT NULL,
  `loan_payment_date` int(11) NOT NULL,
  `misc_fees` text NOT NULL,
  `delete_flag` int(11) NOT NULL,
  `payment_scheds` text NOT NULL
) ENGINE=InnoDB DEFAULT CHARSET=latin1;

--
-- Volcado de datos para la tabla `c19_loans`
--

INSERT INTO `c19_loans` (`loan_id`, `account`, `description`, `remarks`, `loan_type_id`, `customer_id`, `lote_id`, `enganche`, `mantenimiento`, `observacion_lote`, `loan_amount`, `loan_balance`, `loan_status`, `loan_agent_id`, `loan_approved_by_id`, `loan_reviewed_by_id`, `loan_applied_date`, `loan_payment_date`, `misc_fees`, `delete_flag`, `payment_scheds`) VALUES
(1, '2', 'sin descripcion', '', 0, 2, 1, 100, 200, 'sin obsercaciones', 1000.00, 1000.00, 'pending', 1, 0, 0, 1616731200, 1609822800, '{\"\":\"\"}', 0, '{\"term\":\"10\",\"term_period\":\"month\",\"payment_sched\":null,\"interest_rate\":\"\",\"penalty\":null,\"payment_breakdown\":{\"schedule\":[\"1\\/5\\/2021\",\"31\\/5\\/2021\",\"1\\/7\\/2021\",\"31\\/7\\/2021\",\"31\\/8\\/2021\",\"1\\/10\\/2021\",\"31\\/10\\/2021\",\"1\\/12\\/2021\",\"31\\/12\\/2021\",\"31\\/1\\/2022\"],\"balance\":[\"900.00\",\"800.00\",\"700.00\",\"600.00\",\"500.00\",\"400.00\",\"300.00\",\"200.00\",\"100.00\",\"0.00\"],\"interest\":[\"0.00\",\"0.00\",\"0.00\",\"0.00\",\"0.00\",\"0.00\",\"0.00\",\"0.00\",\"0.00\",\"0.00\"],\"amount\":[\"100.00\",\"100.00\",\"100.00\",\"100.00\",\"100.00\",\"100.00\",\"100.00\",\"100.00\",\"100.00\",\"100.00\"]}}'),
(2, '4', 'Sin descripción ', '', 0, 4, 2, 12000, 5000, 'Sin observaciones ', 647500.00, 647500.00, 'approved', 3, 3, 0, 1597204800, 1454130000, '{\"185\":\"3500\"}', 1, '{\"term\":\"185\",\"term_period\":null,\"payment_sched\":null,\"interest_rate\":\"\",\"penalty\":null,\"payment_breakdown\":{\"schedule\":[\"1\\/30\\/2016\",\"2\\/28\\/2016\",\"2\\/28\\/2016\",\"4\\/30\\/2016\",\"5\\/30\\/2016\",\"6\\/30\\/2016\",\"7\\/30\\/2016\",\"8\\/30\\/2016\",\"9\\/30\\/2016\",\"10\\/30\\/2016\",\"11\\/30\\/2016\",\"12\\/30\\/2016\",\"1\\/30\\/2017\",\"2\\/28\\/2017\",\"2\\/28\\/2017\",\"4\\/30\\/2017\",\"5\\/30\\/2017\",\"6\\/30\\/2017\",\"7\\/30\\/2017\",\"8\\/30\\/2017\",\"9\\/30\\/2017\",\"10\\/30\\/2017\",\"11\\/30\\/2017\",\"12\\/30\\/2017\",\"1\\/30\\/2018\",\"2\\/28\\/2018\",\"2\\/28\\/2018\",\"4\\/30\\/2018\",\"5\\/30\\/2018\",\"6\\/30\\/2018\",\"7\\/30\\/2018\",\"8\\/30\\/2018\",\"9\\/30\\/2018\",\"10\\/30\\/2018\",\"11\\/30\\/2018\",\"12\\/30\\/2018\",\"1\\/30\\/2019\",\"2\\/28\\/2019\",\"2\\/28\\/2019\",\"4\\/30\\/2019\",\"5\\/30\\/2019\",\"6\\/30\\/2019\",\"7\\/30\\/2019\",\"8\\/30\\/2019\",\"9\\/30\\/2019\",\"10\\/30\\/2019\",\"11\\/30\\/2019\",\"12\\/30\\/2019\",\"1\\/30\\/2020\",\"2\\/28\\/2020\",\"2\\/28\\/2020\",\"4\\/30\\/2020\",\"5\\/30\\/2020\",\"6\\/30\\/2020\",\"7\\/30\\/2020\",\"8\\/30\\/2020\",\"9\\/30\\/2020\",\"10\\/30\\/2020\",\"11\\/30\\/2020\",\"12\\/30\\/2020\",\"1\\/30\\/2021\",\"2\\/28\\/2021\",\"2\\/28\\/2021\",\"4\\/30\\/2021\",\"5\\/30\\/2021\",\"6\\/30\\/2021\",\"7\\/30\\/2021\",\"8\\/30\\/2021\",\"9\\/30\\/2021\",\"10\\/30\\/2021\",\"11\\/30\\/2021\",\"12\\/30\\/2021\",\"1\\/30\\/2022\",\"2\\/28\\/2022\",\"2\\/28\\/2022\",\"4\\/30\\/2022\",\"5\\/30\\/2022\",\"6\\/30\\/2022\",\"7\\/30\\/2022\",\"8\\/30\\/2022\",\"9\\/30\\/2022\",\"10\\/30\\/2022\",\"11\\/30\\/2022\",\"12\\/30\\/2022\",\"1\\/30\\/2023\",\"2\\/28\\/2023\",\"2\\/28\\/2023\",\"4\\/30\\/2023\",\"5\\/30\\/2023\",\"6\\/30\\/2023\",\"7\\/30\\/2023\",\"8\\/30\\/2023\",\"9\\/30\\/2023\",\"10\\/30\\/2023\",\"11\\/30\\/2023\",\"12\\/30\\/2023\",\"1\\/30\\/2024\",\"2\\/28\\/2024\",\"2\\/28\\/2024\",\"4\\/30\\/2024\",\"5\\/30\\/2024\",\"6\\/30\\/2024\",\"7\\/30\\/2024\",\"8\\/30\\/2024\",\"9\\/30\\/2024\",\"10\\/30\\/2024\",\"11\\/30\\/2024\",\"12\\/30\\/2024\",\"1\\/30\\/2025\",\"2\\/28\\/2025\",\"2\\/28\\/2025\",\"4\\/30\\/2025\",\"5\\/30\\/2025\",\"6\\/30\\/2025\",\"7\\/30\\/2025\",\"8\\/30\\/2025\",\"9\\/30\\/2025\",\"10\\/30\\/2025\",\"11\\/30\\/2025\",\"12\\/30\\/2025\",\"1\\/30\\/2026\",\"2\\/28\\/2026\",\"2\\/28\\/2026\",\"4\\/30\\/2026\",\"5\\/30\\/2026\",\"6\\/30\\/2026\",\"7\\/30\\/2026\",\"8\\/30\\/2026\",\"9\\/30\\/2026\",\"10\\/30\\/2026\",\"11\\/30\\/2026\",\"12\\/30\\/2026\",\"1\\/30\\/2027\",\"2\\/28\\/2027\",\"2\\/28\\/2027\",\"4\\/30\\/2027\",\"5\\/30\\/2027\",\"6\\/30\\/2027\",\"7\\/30\\/2027\",\"8\\/30\\/2027\",\"9\\/30\\/2027\",\"10\\/30\\/2027\",\"11\\/30\\/2027\",\"12\\/30\\/2027\",\"1\\/30\\/2028\",\"2\\/28\\/2028\",\"2\\/28\\/2028\",\"4\\/30\\/2028\",\"5\\/30\\/2028\",\"6\\/30\\/2028\",\"7\\/30\\/2028\",\"8\\/30\\/2028\",\"9\\/30\\/2028\",\"10\\/30\\/2028\",\"11\\/30\\/2028\",\"12\\/30\\/2028\",\"1\\/30\\/2029\",\"2\\/28\\/2029\",\"2\\/28\\/2029\",\"4\\/30\\/2029\",\"5\\/30\\/2029\",\"6\\/30\\/2029\",\"7\\/30\\/2029\",\"8\\/30\\/2029\",\"9\\/30\\/2029\",\"10\\/30\\/2029\",\"11\\/30\\/2029\",\"12\\/30\\/2029\",\"1\\/30\\/2030\",\"2\\/28\\/2030\",\"2\\/28\\/2030\",\"4\\/30\\/2030\",\"5\\/30\\/2030\",\"6\\/30\\/2030\",\"7\\/30\\/2030\",\"8\\/30\\/2030\",\"9\\/30\\/2030\",\"10\\/30\\/2030\",\"11\\/30\\/2030\",\"12\\/30\\/2030\",\"1\\/30\\/2031\",\"2\\/28\\/2031\",\"2\\/28\\/2031\",\"4\\/30\\/2031\",\"5\\/30\\/2031\"],\"balance\":[\"644000.00\",\"640500.00\",\"637000.00\",\"633500.00\",\"630000.00\",\"626500.00\",\"623000.00\",\"619500.00\",\"616000.00\",\"612500.00\",\"609000.00\",\"605500.00\",\"602000.00\",\"598500.00\",\"595000.00\",\"591500.00\",\"588000.00\",\"584500.00\",\"581000.00\",\"577500.00\",\"574000.00\",\"570500.00\",\"567000.00\",\"563500.00\",\"560000.00\",\"556500.00\",\"553000.00\",\"549500.00\",\"546000.00\",\"542500.00\",\"539000.00\",\"535500.00\",\"532000.00\",\"528500.00\",\"525000.00\",\"521500.00\",\"518000.00\",\"514500.00\",\"511000.00\",\"507500.00\",\"504000.00\",\"500500.00\",\"497000.00\",\"493500.00\",\"490000.00\",\"486500.00\",\"483000.00\",\"479500.00\",\"476000.00\",\"472500.00\",\"469000.00\",\"465500.00\",\"462000.00\",\"458500.00\",\"455000.00\",\"451500.00\",\"448000.00\",\"444500.00\",\"441000.00\",\"437500.00\",\"434000.00\",\"430500.00\",\"427000.00\",\"423500.00\",\"420000.00\",\"416500.00\",\"413000.00\",\"409500.00\",\"406000.00\",\"402500.00\",\"399000.00\",\"395500.00\",\"392000.00\",\"388500.00\",\"385000.00\",\"381500.00\",\"378000.00\",\"374500.00\",\"371000.00\",\"367500.00\",\"364000.00\",\"360500.00\",\"357000.00\",\"353500.00\",\"350000.00\",\"346500.00\",\"343000.00\",\"339500.00\",\"336000.00\",\"332500.00\",\"329000.00\",\"325500.00\",\"322000.00\",\"318500.00\",\"315000.00\",\"311500.00\",\"308000.00\",\"304500.00\",\"301000.00\",\"297500.00\",\"294000.00\",\"290500.00\",\"287000.00\",\"283500.00\",\"280000.00\",\"276500.00\",\"273000.00\",\"269500.00\",\"266000.00\",\"262500.00\",\"259000.00\",\"255500.00\",\"252000.00\",\"248500.00\",\"245000.00\",\"241500.00\",\"238000.00\",\"234500.00\",\"231000.00\",\"227500.00\",\"224000.00\",\"220500.00\",\"217000.00\",\"213500.00\",\"210000.00\",\"206500.00\",\"203000.00\",\"199500.00\",\"196000.00\",\"192500.00\",\"189000.00\",\"185500.00\",\"182000.00\",\"178500.00\",\"175000.00\",\"171500.00\",\"168000.00\",\"164500.00\",\"161000.00\",\"157500.00\",\"154000.00\",\"150500.00\",\"147000.00\",\"143500.00\",\"140000.00\",\"136500.00\",\"133000.00\",\"129500.00\",\"126000.00\",\"122500.00\",\"119000.00\",\"115500.00\",\"112000.00\",\"108500.00\",\"105000.00\",\"101500.00\",\"98000.00\",\"94500.00\",\"91000.00\",\"87500.00\",\"84000.00\",\"80500.00\",\"77000.00\",\"73500.00\",\"70000.00\",\"66500.00\",\"63000.00\",\"59500.00\",\"56000.00\",\"52500.00\",\"49000.00\",\"45500.00\",\"42000.00\",\"38500.00\",\"35000.00\",\"31500.00\",\"28000.00\",\"24500.00\",\"21000.00\",\"17500.00\",\"14000.00\",\"10500.00\",\"7000.00\",\"3500.00\",\"0.00\"],\"interest\":[\"0.00\",\"0.00\",\"0.00\",\"0.00\",\"0.00\",\"0.00\",\"0.00\",\"0.00\",\"0.00\",\"0.00\",\"0.00\",\"0.00\",\"0.00\",\"0.00\",\"0.00\",\"0.00\",\"0.00\",\"0.00\",\"0.00\",\"0.00\",\"0.00\",\"0.00\",\"0.00\",\"0.00\",\"0.00\",\"0.00\",\"0.00\",\"0.00\",\"0.00\",\"0.00\",\"0.00\",\"0.00\",\"0.00\",\"0.00\",\"0.00\",\"0.00\",\"0.00\",\"0.00\",\"0.00\",\"0.00\",\"0.00\",\"0.00\",\"0.00\",\"0.00\",\"0.00\",\"0.00\",\"0.00\",\"0.00\",\"0.00\",\"0.00\",\"0.00\",\"0.00\",\"0.00\",\"0.00\",\"0.00\",\"0.00\",\"0.00\",\"0.00\",\"0.00\",\"0.00\",\"0.00\",\"0.00\",\"0.00\",\"0.00\",\"0.00\",\"0.00\",\"0.00\",\"0.00\",\"0.00\",\"0.00\",\"0.00\",\"0.00\",\"0.00\",\"0.00\",\"0.00\",\"0.00\",\"0.00\",\"0.00\",\"0.00\",\"0.00\",\"0.00\",\"0.00\",\"0.00\",\"0.00\",\"0.00\",\"0.00\",\"0.00\",\"0.00\",\"0.00\",\"0.00\",\"0.00\",\"0.00\",\"0.00\",\"0.00\",\"0.00\",\"0.00\",\"0.00\",\"0.00\",\"0.00\",\"0.00\",\"0.00\",\"0.00\",\"0.00\",\"0.00\",\"0.00\",\"0.00\",\"0.00\",\"0.00\",\"0.00\",\"0.00\",\"0.00\",\"0.00\",\"0.00\",\"0.00\",\"0.00\",\"0.00\",\"0.00\",\"0.00\",\"0.00\",\"0.00\",\"0.00\",\"0.00\",\"0.00\",\"0.00\",\"0.00\",\"0.00\",\"0.00\",\"0.00\",\"0.00\",\"0.00\",\"0.00\",\"0.00\",\"0.00\",\"0.00\",\"0.00\",\"0.00\",\"0.00\",\"0.00\",\"0.00\",\"0.00\",\"0.00\",\"0.00\",\"0.00\",\"0.00\",\"0.00\",\"0.00\",\"0.00\",\"0.00\",\"0.00\",\"0.00\",\"0.00\",\"0.00\",\"0.00\",\"0.00\",\"0.00\",\"0.00\",\"0.00\",\"0.00\",\"0.00\",\"0.00\",\"0.00\",\"0.00\",\"0.00\",\"0.00\",\"0.00\",\"0.00\",\"0.00\",\"0.00\",\"0.00\",\"0.00\",\"0.00\",\"0.00\",\"0.00\",\"0.00\",\"0.00\",\"0.00\",\"0.00\",\"0.00\",\"0.00\",\"0.00\",\"0.00\",\"0.00\",\"0.00\",\"0.00\",\"0.00\"],\"amount\":[\"3500.00\",\"3500.00\",\"3500.00\",\"3500.00\",\"3500.00\",\"3500.00\",\"3500.00\",\"3500.00\",\"3500.00\",\"3500.00\",\"3500.00\",\"3500.00\",\"3500.00\",\"3500.00\",\"3500.00\",\"3500.00\",\"3500.00\",\"3500.00\",\"3500.00\",\"3500.00\",\"3500.00\",\"3500.00\",\"3500.00\",\"3500.00\",\"3500.00\",\"3500.00\",\"3500.00\",\"3500.00\",\"3500.00\",\"3500.00\",\"3500.00\",\"3500.00\",\"3500.00\",\"3500.00\",\"3500.00\",\"3500.00\",\"3500.00\",\"3500.00\",\"3500.00\",\"3500.00\",\"3500.00\",\"3500.00\",\"3500.00\",\"3500.00\",\"3500.00\",\"3500.00\",\"3500.00\",\"3500.00\",\"3500.00\",\"3500.00\",\"3500.00\",\"3500.00\",\"3500.00\",\"3500.00\",\"3500.00\",\"3500.00\",\"3500.00\",\"3500.00\",\"3500.00\",\"3500.00\",\"3500.00\",\"3500.00\",\"3500.00\",\"3500.00\",\"3500.00\",\"3500.00\",\"3500.00\",\"3500.00\",\"3500.00\",\"3500.00\",\"3500.00\",\"3500.00\",\"3500.00\",\"3500.00\",\"3500.00\",\"3500.00\",\"3500.00\",\"3500.00\",\"3500.00\",\"3500.00\",\"3500.00\",\"3500.00\",\"3500.00\",\"3500.00\",\"3500.00\",\"3500.00\",\"3500.00\",\"3500.00\",\"3500.00\",\"3500.00\",\"3500.00\",\"3500.00\",\"3500.00\",\"3500.00\",\"3500.00\",\"3500.00\",\"3500.00\",\"3500.00\",\"3500.00\",\"3500.00\",\"3500.00\",\"3500.00\",\"3500.00\",\"3500.00\",\"3500.00\",\"3500.00\",\"3500.00\",\"3500.00\",\"3500.00\",\"3500.00\",\"3500.00\",\"3500.00\",\"3500.00\",\"3500.00\",\"3500.00\",\"3500.00\",\"3500.00\",\"3500.00\",\"3500.00\",\"3500.00\",\"3500.00\",\"3500.00\",\"3500.00\",\"3500.00\",\"3500.00\",\"3500.00\",\"3500.00\",\"3500.00\",\"3500.00\",\"3500.00\",\"3500.00\",\"3500.00\",\"3500.00\",\"3500.00\",\"3500.00\",\"3500.00\",\"3500.00\",\"3500.00\",\"3500.00\",\"3500.00\",\"3500.00\",\"3500.00\",\"3500.00\",\"3500.00\",\"3500.00\",\"3500.00\",\"3500.00\",\"3500.00\",\"3500.00\",\"3500.00\",\"3500.00\",\"3500.00\",\"3500.00\",\"3500.00\",\"3500.00\",\"3500.00\",\"3500.00\",\"3500.00\",\"3500.00\",\"3500.00\",\"3500.00\",\"3500.00\",\"3500.00\",\"3500.00\",\"3500.00\",\"3500.00\",\"3500.00\",\"3500.00\",\"3500.00\",\"3500.00\",\"3500.00\",\"3500.00\",\"3500.00\",\"3500.00\",\"3500.00\",\"3500.00\",\"3500.00\",\"3500.00\",\"3500.00\",\"3500.00\",\"3500.00\",\"3500.00\",\"3500.00\",\"3500.00\",\"3500.00\"]}}'),
(3, '11-B', 'JUNGLA MAYA 11-B', '', 0, 6, 3, 2000, 3800, 'SIN COMENTARIOS', 378000.00, 378000.00, 'approved', 3, 3, 0, 1454389200, 1454130000, '{\"189\":\"2000\"}', 0, '{\"term\":\"189\",\"term_period\":\"month\",\"payment_sched\":null,\"interest_rate\":\"\",\"penalty\":null,\"payment_breakdown\":{\"schedule\":[\"1\\/30\\/2016\",\"2\\/28\\/2016\",\"2\\/28\\/2016\",\"4\\/30\\/2016\",\"5\\/30\\/2016\",\"6\\/30\\/2016\",\"7\\/30\\/2016\",\"8\\/30\\/2016\",\"9\\/30\\/2016\",\"10\\/30\\/2016\",\"11\\/30\\/2016\",\"12\\/30\\/2016\",\"1\\/30\\/2017\",\"2\\/28\\/2017\",\"2\\/28\\/2017\",\"4\\/30\\/2017\",\"5\\/30\\/2017\",\"6\\/30\\/2017\",\"7\\/30\\/2017\",\"8\\/30\\/2017\",\"9\\/30\\/2017\",\"10\\/30\\/2017\",\"11\\/30\\/2017\",\"12\\/30\\/2017\",\"1\\/30\\/2018\",\"2\\/28\\/2018\",\"2\\/28\\/2018\",\"4\\/30\\/2018\",\"5\\/30\\/2018\",\"6\\/30\\/2018\",\"7\\/30\\/2018\",\"8\\/30\\/2018\",\"9\\/30\\/2018\",\"10\\/30\\/2018\",\"11\\/30\\/2018\",\"12\\/30\\/2018\",\"1\\/30\\/2019\",\"2\\/28\\/2019\",\"2\\/28\\/2019\",\"4\\/30\\/2019\",\"5\\/30\\/2019\",\"6\\/30\\/2019\",\"7\\/30\\/2019\",\"8\\/30\\/2019\",\"9\\/30\\/2019\",\"10\\/30\\/2019\",\"11\\/30\\/2019\",\"12\\/30\\/2019\",\"1\\/30\\/2020\",\"2\\/28\\/2020\",\"2\\/28\\/2020\",\"4\\/30\\/2020\",\"5\\/30\\/2020\",\"6\\/30\\/2020\",\"7\\/30\\/2020\",\"8\\/30\\/2020\",\"9\\/30\\/2020\",\"10\\/30\\/2020\",\"11\\/30\\/2020\",\"12\\/30\\/2020\",\"1\\/30\\/2021\",\"2\\/28\\/2021\",\"2\\/28\\/2021\",\"4\\/30\\/2021\",\"5\\/30\\/2021\",\"6\\/30\\/2021\",\"7\\/30\\/2021\",\"8\\/30\\/2021\",\"9\\/30\\/2021\",\"10\\/30\\/2021\",\"11\\/30\\/2021\",\"12\\/30\\/2021\",\"1\\/30\\/2022\",\"2\\/28\\/2022\",\"2\\/28\\/2022\",\"4\\/30\\/2022\",\"5\\/30\\/2022\",\"6\\/30\\/2022\",\"7\\/30\\/2022\",\"8\\/30\\/2022\",\"9\\/30\\/2022\",\"10\\/30\\/2022\",\"11\\/30\\/2022\",\"12\\/30\\/2022\",\"1\\/30\\/2023\",\"2\\/28\\/2023\",\"2\\/28\\/2023\",\"4\\/30\\/2023\",\"5\\/30\\/2023\",\"6\\/30\\/2023\",\"7\\/30\\/2023\",\"8\\/30\\/2023\",\"9\\/30\\/2023\",\"10\\/30\\/2023\",\"11\\/30\\/2023\",\"12\\/30\\/2023\",\"1\\/30\\/2024\",\"2\\/28\\/2024\",\"2\\/28\\/2024\",\"4\\/30\\/2024\",\"5\\/30\\/2024\",\"6\\/30\\/2024\",\"7\\/30\\/2024\",\"8\\/30\\/2024\",\"9\\/30\\/2024\",\"10\\/30\\/2024\",\"11\\/30\\/2024\",\"12\\/30\\/2024\",\"1\\/30\\/2025\",\"2\\/28\\/2025\",\"2\\/28\\/2025\",\"4\\/30\\/2025\",\"5\\/30\\/2025\",\"6\\/30\\/2025\",\"7\\/30\\/2025\",\"8\\/30\\/2025\",\"9\\/30\\/2025\",\"10\\/30\\/2025\",\"11\\/30\\/2025\",\"12\\/30\\/2025\",\"1\\/30\\/2026\",\"2\\/28\\/2026\",\"2\\/28\\/2026\",\"4\\/30\\/2026\",\"5\\/30\\/2026\",\"6\\/30\\/2026\",\"7\\/30\\/2026\",\"8\\/30\\/2026\",\"9\\/30\\/2026\",\"10\\/30\\/2026\",\"11\\/30\\/2026\",\"12\\/30\\/2026\",\"1\\/30\\/2027\",\"2\\/28\\/2027\",\"2\\/28\\/2027\",\"4\\/30\\/2027\",\"5\\/30\\/2027\",\"6\\/30\\/2027\",\"7\\/30\\/2027\",\"8\\/30\\/2027\",\"9\\/30\\/2027\",\"10\\/30\\/2027\",\"11\\/30\\/2027\",\"12\\/30\\/2027\",\"1\\/30\\/2028\",\"2\\/28\\/2028\",\"2\\/28\\/2028\",\"4\\/30\\/2028\",\"5\\/30\\/2028\",\"6\\/30\\/2028\",\"7\\/30\\/2028\",\"8\\/30\\/2028\",\"9\\/30\\/2028\",\"10\\/30\\/2028\",\"11\\/30\\/2028\",\"12\\/30\\/2028\",\"1\\/30\\/2029\",\"2\\/28\\/2029\",\"2\\/28\\/2029\",\"4\\/30\\/2029\",\"5\\/30\\/2029\",\"6\\/30\\/2029\",\"7\\/30\\/2029\",\"8\\/30\\/2029\",\"9\\/30\\/2029\",\"10\\/30\\/2029\",\"11\\/30\\/2029\",\"12\\/30\\/2029\",\"1\\/30\\/2030\",\"2\\/28\\/2030\",\"2\\/28\\/2030\",\"4\\/30\\/2030\",\"5\\/30\\/2030\",\"6\\/30\\/2030\",\"7\\/30\\/2030\",\"8\\/30\\/2030\",\"9\\/30\\/2030\",\"10\\/30\\/2030\",\"11\\/30\\/2030\",\"12\\/30\\/2030\",\"1\\/30\\/2031\",\"2\\/28\\/2031\",\"2\\/28\\/2031\",\"4\\/30\\/2031\",\"5\\/30\\/2031\",\"6\\/30\\/2031\",\"7\\/30\\/2031\",\"8\\/30\\/2031\",\"9\\/30\\/2031\"],\"balance\":[\"376000.00\",\"374000.00\",\"372000.00\",\"370000.00\",\"368000.00\",\"366000.00\",\"364000.00\",\"362000.00\",\"360000.00\",\"358000.00\",\"356000.00\",\"354000.00\",\"352000.00\",\"350000.00\",\"348000.00\",\"346000.00\",\"344000.00\",\"342000.00\",\"340000.00\",\"338000.00\",\"336000.00\",\"334000.00\",\"332000.00\",\"330000.00\",\"328000.00\",\"326000.00\",\"324000.00\",\"322000.00\",\"320000.00\",\"318000.00\",\"316000.00\",\"314000.00\",\"312000.00\",\"310000.00\",\"308000.00\",\"306000.00\",\"304000.00\",\"302000.00\",\"300000.00\",\"298000.00\",\"296000.00\",\"294000.00\",\"292000.00\",\"290000.00\",\"288000.00\",\"286000.00\",\"284000.00\",\"282000.00\",\"280000.00\",\"278000.00\",\"276000.00\",\"274000.00\",\"272000.00\",\"270000.00\",\"268000.00\",\"266000.00\",\"264000.00\",\"262000.00\",\"260000.00\",\"258000.00\",\"256000.00\",\"254000.00\",\"252000.00\",\"250000.00\",\"248000.00\",\"246000.00\",\"244000.00\",\"242000.00\",\"240000.00\",\"238000.00\",\"236000.00\",\"234000.00\",\"232000.00\",\"230000.00\",\"228000.00\",\"226000.00\",\"224000.00\",\"222000.00\",\"220000.00\",\"218000.00\",\"216000.00\",\"214000.00\",\"212000.00\",\"210000.00\",\"208000.00\",\"206000.00\",\"204000.00\",\"202000.00\",\"200000.00\",\"198000.00\",\"196000.00\",\"194000.00\",\"192000.00\",\"190000.00\",\"188000.00\",\"186000.00\",\"184000.00\",\"182000.00\",\"180000.00\",\"178000.00\",\"176000.00\",\"174000.00\",\"172000.00\",\"170000.00\",\"168000.00\",\"166000.00\",\"164000.00\",\"162000.00\",\"160000.00\",\"158000.00\",\"156000.00\",\"154000.00\",\"152000.00\",\"150000.00\",\"148000.00\",\"146000.00\",\"144000.00\",\"142000.00\",\"140000.00\",\"138000.00\",\"136000.00\",\"134000.00\",\"132000.00\",\"130000.00\",\"128000.00\",\"126000.00\",\"124000.00\",\"122000.00\",\"120000.00\",\"118000.00\",\"116000.00\",\"114000.00\",\"112000.00\",\"110000.00\",\"108000.00\",\"106000.00\",\"104000.00\",\"102000.00\",\"100000.00\",\"98000.00\",\"96000.00\",\"94000.00\",\"92000.00\",\"90000.00\",\"88000.00\",\"86000.00\",\"84000.00\",\"82000.00\",\"80000.00\",\"78000.00\",\"76000.00\",\"74000.00\",\"72000.00\",\"70000.00\",\"68000.00\",\"66000.00\",\"64000.00\",\"62000.00\",\"60000.00\",\"58000.00\",\"56000.00\",\"54000.00\",\"52000.00\",\"50000.00\",\"48000.00\",\"46000.00\",\"44000.00\",\"42000.00\",\"40000.00\",\"38000.00\",\"36000.00\",\"34000.00\",\"32000.00\",\"30000.00\",\"28000.00\",\"26000.00\",\"24000.00\",\"22000.00\",\"20000.00\",\"18000.00\",\"16000.00\",\"14000.00\",\"12000.00\",\"10000.00\",\"8000.00\",\"6000.00\",\"4000.00\",\"2000.00\",\"0.00\"],\"interest\":null,\"amount\":[\"2000.00\",\"2000.00\",\"2000.00\",\"2000.00\",\"2000.00\",\"2000.00\",\"2000.00\",\"2000.00\",\"2000.00\",\"2000.00\",\"2000.00\",\"2000.00\",\"2000.00\",\"2000.00\",\"2000.00\",\"2000.00\",\"2000.00\",\"2000.00\",\"2000.00\",\"2000.00\",\"2000.00\",\"2000.00\",\"2000.00\",\"2000.00\",\"2000.00\",\"2000.00\",\"2000.00\",\"2000.00\",\"2000.00\",\"2000.00\",\"2000.00\",\"2000.00\",\"2000.00\",\"2000.00\",\"2000.00\",\"2000.00\",\"2000.00\",\"2000.00\",\"2000.00\",\"2000.00\",\"2000.00\",\"2000.00\",\"2000.00\",\"2000.00\",\"2000.00\",\"2000.00\",\"2000.00\",\"2000.00\",\"2000.00\",\"2000.00\",\"2000.00\",\"2000.00\",\"2000.00\",\"2000.00\",\"2000.00\",\"2000.00\",\"2000.00\",\"2000.00\",\"2000.00\",\"2000.00\",\"2000.00\",\"2000.00\",\"2000.00\",\"2000.00\",\"2000.00\",\"2000.00\",\"2000.00\",\"2000.00\",\"2000.00\",\"2000.00\",\"2000.00\",\"2000.00\",\"2000.00\",\"2000.00\",\"2000.00\",\"2000.00\",\"2000.00\",\"2000.00\",\"2000.00\",\"2000.00\",\"2000.00\",\"2000.00\",\"2000.00\",\"2000.00\",\"2000.00\",\"2000.00\",\"2000.00\",\"2000.00\",\"2000.00\",\"2000.00\",\"2000.00\",\"2000.00\",\"2000.00\",\"2000.00\",\"2000.00\",\"2000.00\",\"2000.00\",\"2000.00\",\"2000.00\",\"2000.00\",\"2000.00\",\"2000.00\",\"2000.00\",\"2000.00\",\"2000.00\",\"2000.00\",\"2000.00\",\"2000.00\",\"2000.00\",\"2000.00\",\"2000.00\",\"2000.00\",\"2000.00\",\"2000.00\",\"2000.00\",\"2000.00\",\"2000.00\",\"2000.00\",\"2000.00\",\"2000.00\",\"2000.00\",\"2000.00\",\"2000.00\",\"2000.00\",\"2000.00\",\"2000.00\",\"2000.00\",\"2000.00\",\"2000.00\",\"2000.00\",\"2000.00\",\"2000.00\",\"2000.00\",\"2000.00\",\"2000.00\",\"2000.00\",\"2000.00\",\"2000.00\",\"2000.00\",\"2000.00\",\"2000.00\",\"2000.00\",\"2000.00\",\"2000.00\",\"2000.00\",\"2000.00\",\"2000.00\",\"2000.00\",\"2000.00\",\"2000.00\",\"2000.00\",\"2000.00\",\"2000.00\",\"2000.00\",\"2000.00\",\"2000.00\",\"2000.00\",\"2000.00\",\"2000.00\",\"2000.00\",\"2000.00\",\"2000.00\",\"2000.00\",\"2000.00\",\"2000.00\",\"2000.00\",\"2000.00\",\"2000.00\",\"2000.00\",\"2000.00\",\"2000.00\",\"2000.00\",\"2000.00\",\"2000.00\",\"2000.00\",\"2000.00\",\"2000.00\",\"2000.00\",\"2000.00\",\"2000.00\",\"2000.00\",\"2000.00\",\"2000.00\",\"2000.00\",\"2000.00\",\"2000.00\",\"2000.00\",\"2000.00\",\"2000.00\"]}}'),
(4, '11-A', 'JUNGLA MAYA 11-A', '', 0, 6, 4, 0, 3800, 'MANTENIMIENTO $3,800.00\nCUOTA REPARACION DE CAMINO $6,000.00 CADA 3 AÑOS', 378000.00, 378000.00, 'approved', 3, 3, 0, 1454389200, 1454130000, '{\"189\":\"2000\"}', 0, '{\"term\":\"189\",\"term_period\":\"month\",\"payment_sched\":null,\"interest_rate\":\"\",\"penalty\":null,\"payment_breakdown\":{\"schedule\":[\"1\\/30\\/2016\",\"2\\/28\\/2016\",\"3\\/30\\/2016\",\"4\\/30\\/2016\",\"5\\/30\\/2016\",\"6\\/30\\/2016\",\"7\\/30\\/2016\",\"8\\/30\\/2016\",\"9\\/30\\/2016\",\"10\\/30\\/2016\",\"11\\/30\\/2016\",\"12\\/30\\/2016\",\"1\\/30\\/2017\",\"2\\/28\\/2017\",\"3\\/30\\/2017\",\"4\\/30\\/2017\",\"5\\/30\\/2017\",\"6\\/30\\/2017\",\"7\\/30\\/2017\",\"8\\/30\\/2017\",\"9\\/30\\/2017\",\"10\\/30\\/2017\",\"11\\/30\\/2017\",\"12\\/30\\/2017\",\"1\\/30\\/2018\",\"2\\/28\\/2018\",\"3\\/30\\/2018\",\"4\\/30\\/2018\",\"5\\/30\\/2018\",\"6\\/30\\/2018\",\"7\\/30\\/2018\",\"8\\/30\\/2018\",\"9\\/30\\/2018\",\"10\\/30\\/2018\",\"11\\/30\\/2018\",\"12\\/30\\/2018\",\"1\\/30\\/2019\",\"2\\/28\\/2019\",\"3\\/30\\/2019\",\"4\\/30\\/2019\",\"5\\/30\\/2019\",\"6\\/30\\/2019\",\"7\\/30\\/2019\",\"8\\/30\\/2019\",\"9\\/30\\/2019\",\"10\\/30\\/2019\",\"11\\/30\\/2019\",\"12\\/30\\/2019\",\"1\\/30\\/2020\",\"2\\/28\\/2020\",\"3\\/30\\/2020\",\"4\\/30\\/2020\",\"5\\/30\\/2020\",\"6\\/30\\/2020\",\"7\\/30\\/2020\",\"8\\/30\\/2020\",\"9\\/30\\/2020\",\"10\\/30\\/2020\",\"11\\/30\\/2020\",\"12\\/30\\/2020\",\"1\\/30\\/2021\",\"2\\/28\\/2021\",\"3\\/30\\/2021\",\"4\\/30\\/2021\",\"5\\/30\\/2021\",\"6\\/30\\/2021\",\"7\\/30\\/2021\",\"8\\/30\\/2021\",\"9\\/30\\/2021\",\"10\\/30\\/2021\",\"11\\/30\\/2021\",\"12\\/30\\/2021\",\"1\\/30\\/2022\",\"2\\/28\\/2022\",\"3\\/30\\/2022\",\"4\\/30\\/2022\",\"5\\/30\\/2022\",\"6\\/30\\/2022\",\"7\\/30\\/2022\",\"8\\/30\\/2022\",\"9\\/30\\/2022\",\"10\\/30\\/2022\",\"11\\/30\\/2022\",\"12\\/30\\/2022\",\"1\\/30\\/2023\",\"2\\/28\\/2023\",\"3\\/30\\/2023\",\"4\\/30\\/2023\",\"5\\/30\\/2023\",\"6\\/30\\/2023\",\"7\\/30\\/2023\",\"8\\/30\\/2023\",\"9\\/30\\/2023\",\"10\\/30\\/2023\",\"11\\/30\\/2023\",\"12\\/30\\/2023\",\"1\\/30\\/2024\",\"2\\/28\\/2024\",\"3\\/30\\/2024\",\"4\\/30\\/2024\",\"5\\/30\\/2024\",\"6\\/30\\/2024\",\"7\\/30\\/2024\",\"8\\/30\\/2024\",\"9\\/30\\/2024\",\"10\\/30\\/2024\",\"11\\/30\\/2024\",\"12\\/30\\/2024\",\"1\\/30\\/2025\",\"2\\/28\\/2025\",\"3\\/30\\/2025\",\"4\\/30\\/2025\",\"5\\/30\\/2025\",\"6\\/30\\/2025\",\"7\\/30\\/2025\",\"8\\/30\\/2025\",\"9\\/30\\/2025\",\"10\\/30\\/2025\",\"11\\/30\\/2025\",\"12\\/30\\/2025\",\"1\\/30\\/2026\",\"2\\/28\\/2026\",\"3\\/30\\/2026\",\"4\\/30\\/2026\",\"5\\/30\\/2026\",\"6\\/30\\/2026\",\"7\\/30\\/2026\",\"8\\/30\\/2026\",\"9\\/30\\/2026\",\"10\\/30\\/2026\",\"11\\/30\\/2026\",\"12\\/30\\/2026\",\"1\\/30\\/2027\",\"2\\/28\\/2027\",\"3\\/30\\/2027\",\"4\\/30\\/2027\",\"5\\/30\\/2027\",\"6\\/30\\/2027\",\"7\\/30\\/2027\",\"8\\/30\\/2027\",\"9\\/30\\/2027\",\"10\\/30\\/2027\",\"11\\/30\\/2027\",\"12\\/30\\/2027\",\"1\\/30\\/2028\",\"2\\/28\\/2028\",\"3\\/30\\/2028\",\"4\\/30\\/2028\",\"5\\/30\\/2028\",\"6\\/30\\/2028\",\"7\\/30\\/2028\",\"8\\/30\\/2028\",\"9\\/30\\/2028\",\"10\\/30\\/2028\",\"11\\/30\\/2028\",\"12\\/30\\/2028\",\"1\\/30\\/2029\",\"2\\/28\\/2029\",\"3\\/30\\/2029\",\"4\\/30\\/2029\",\"5\\/30\\/2029\",\"6\\/30\\/2029\",\"7\\/30\\/2029\",\"8\\/30\\/2029\",\"9\\/30\\/2029\",\"10\\/30\\/2029\",\"11\\/30\\/2029\",\"12\\/30\\/2029\",\"1\\/30\\/2030\",\"2\\/28\\/2030\",\"3\\/30\\/2030\",\"4\\/30\\/2030\",\"5\\/30\\/2030\",\"6\\/30\\/2030\",\"7\\/30\\/2030\",\"8\\/30\\/2030\",\"9\\/30\\/2030\",\"10\\/30\\/2030\",\"11\\/30\\/2030\",\"12\\/30\\/2030\",\"1\\/30\\/2031\",\"2\\/28\\/2031\",\"3\\/30\\/2031\",\"4\\/30\\/2031\",\"5\\/30\\/2031\",\"6\\/30\\/2031\",\"7\\/30\\/2031\",\"8\\/30\\/2031\",\"9\\/30\\/2031\"],\"balance\":[\"376000.00\",\"374000.00\",\"372000.00\",\"370000.00\",\"368000.00\",\"366000.00\",\"364000.00\",\"362000.00\",\"360000.00\",\"358000.00\",\"356000.00\",\"354000.00\",\"352000.00\",\"350000.00\",\"348000.00\",\"346000.00\",\"344000.00\",\"342000.00\",\"340000.00\",\"338000.00\",\"336000.00\",\"334000.00\",\"332000.00\",\"330000.00\",\"328000.00\",\"326000.00\",\"324000.00\",\"322000.00\",\"320000.00\",\"318000.00\",\"316000.00\",\"314000.00\",\"312000.00\",\"310000.00\",\"308000.00\",\"306000.00\",\"304000.00\",\"302000.00\",\"300000.00\",\"298000.00\",\"296000.00\",\"294000.00\",\"292000.00\",\"290000.00\",\"288000.00\",\"286000.00\",\"284000.00\",\"282000.00\",\"280000.00\",\"278000.00\",\"276000.00\",\"274000.00\",\"272000.00\",\"270000.00\",\"268000.00\",\"266000.00\",\"264000.00\",\"262000.00\",\"260000.00\",\"258000.00\",\"256000.00\",\"254000.00\",\"252000.00\",\"250000.00\",\"248000.00\",\"246000.00\",\"244000.00\",\"242000.00\",\"240000.00\",\"238000.00\",\"236000.00\",\"234000.00\",\"232000.00\",\"230000.00\",\"228000.00\",\"226000.00\",\"224000.00\",\"222000.00\",\"220000.00\",\"218000.00\",\"216000.00\",\"214000.00\",\"212000.00\",\"210000.00\",\"208000.00\",\"206000.00\",\"204000.00\",\"202000.00\",\"200000.00\",\"198000.00\",\"196000.00\",\"194000.00\",\"192000.00\",\"190000.00\",\"188000.00\",\"186000.00\",\"184000.00\",\"182000.00\",\"180000.00\",\"178000.00\",\"176000.00\",\"174000.00\",\"172000.00\",\"170000.00\",\"168000.00\",\"166000.00\",\"164000.00\",\"162000.00\",\"160000.00\",\"158000.00\",\"156000.00\",\"154000.00\",\"152000.00\",\"150000.00\",\"148000.00\",\"146000.00\",\"144000.00\",\"142000.00\",\"140000.00\",\"138000.00\",\"136000.00\",\"134000.00\",\"132000.00\",\"130000.00\",\"128000.00\",\"126000.00\",\"124000.00\",\"122000.00\",\"120000.00\",\"118000.00\",\"116000.00\",\"114000.00\",\"112000.00\",\"110000.00\",\"108000.00\",\"106000.00\",\"104000.00\",\"102000.00\",\"100000.00\",\"98000.00\",\"96000.00\",\"94000.00\",\"92000.00\",\"90000.00\",\"88000.00\",\"86000.00\",\"84000.00\",\"82000.00\",\"80000.00\",\"78000.00\",\"76000.00\",\"74000.00\",\"72000.00\",\"70000.00\",\"68000.00\",\"66000.00\",\"64000.00\",\"62000.00\",\"60000.00\",\"58000.00\",\"56000.00\",\"54000.00\",\"52000.00\",\"50000.00\",\"48000.00\",\"46000.00\",\"44000.00\",\"42000.00\",\"40000.00\",\"38000.00\",\"36000.00\",\"34000.00\",\"32000.00\",\"30000.00\",\"28000.00\",\"26000.00\",\"24000.00\",\"22000.00\",\"20000.00\",\"18000.00\",\"16000.00\",\"14000.00\",\"12000.00\",\"10000.00\",\"8000.00\",\"6000.00\",\"4000.00\",\"2000.00\",\"0.00\"],\"interest\":[\"0.00\",\"0.00\",\"0.00\",\"0.00\",\"0.00\",\"0.00\",\"0.00\",\"0.00\",\"0.00\",\"0.00\",\"0.00\",\"0.00\",\"0.00\",\"0.00\",\"0.00\",\"0.00\",\"0.00\",\"0.00\",\"0.00\",\"0.00\",\"0.00\",\"0.00\",\"0.00\",\"0.00\",\"0.00\",\"0.00\",\"0.00\",\"0.00\",\"0.00\",\"0.00\",\"0.00\",\"0.00\",\"0.00\",\"0.00\",\"0.00\",\"0.00\",\"0.00\",\"0.00\",\"0.00\",\"0.00\",\"0.00\",\"0.00\",\"0.00\",\"0.00\",\"0.00\",\"0.00\",\"0.00\",\"0.00\",\"0.00\",\"0.00\",\"0.00\",\"0.00\",\"0.00\",\"0.00\",\"0.00\",\"0.00\",\"0.00\",\"0.00\",\"0.00\",\"0.00\",\"0.00\",\"0.00\",\"0.00\",\"0.00\",\"0.00\",\"0.00\",\"0.00\",\"0.00\",\"0.00\",\"0.00\",\"0.00\",\"0.00\",\"0.00\",\"0.00\",\"0.00\",\"0.00\",\"0.00\",\"0.00\",\"0.00\",\"0.00\",\"0.00\",\"0.00\",\"0.00\",\"0.00\",\"0.00\",\"0.00\",\"0.00\",\"0.00\",\"0.00\",\"0.00\",\"0.00\",\"0.00\",\"0.00\",\"0.00\",\"0.00\",\"0.00\",\"0.00\",\"0.00\",\"0.00\",\"0.00\",\"0.00\",\"0.00\",\"0.00\",\"0.00\",\"0.00\",\"0.00\",\"0.00\",\"0.00\",\"0.00\",\"0.00\",\"0.00\",\"0.00\",\"0.00\",\"0.00\",\"0.00\",\"0.00\",\"0.00\",\"0.00\",\"0.00\",\"0.00\",\"0.00\",\"0.00\",\"0.00\",\"0.00\",\"0.00\",\"0.00\",\"0.00\",\"0.00\",\"0.00\",\"0.00\",\"0.00\",\"0.00\",\"0.00\",\"0.00\",\"0.00\",\"0.00\",\"0.00\",\"0.00\",\"0.00\",\"0.00\",\"0.00\",\"0.00\",\"0.00\",\"0.00\",\"0.00\",\"0.00\",\"0.00\",\"0.00\",\"0.00\",\"0.00\",\"0.00\",\"0.00\",\"0.00\",\"0.00\",\"0.00\",\"0.00\",\"0.00\",\"0.00\",\"0.00\",\"0.00\",\"0.00\",\"0.00\",\"0.00\",\"0.00\",\"0.00\",\"0.00\",\"0.00\",\"0.00\",\"0.00\",\"0.00\",\"0.00\",\"0.00\",\"0.00\",\"0.00\",\"0.00\",\"0.00\",\"0.00\",\"0.00\",\"0.00\",\"0.00\",\"0.00\",\"0.00\",\"0.00\",\"0.00\",\"0.00\",\"0.00\",\"0.00\",\"0.00\",\"0.00\"],\"amount\":[\"2000.00\",\"2000.00\",\"2000.00\",\"2000.00\",\"2000.00\",\"2000.00\",\"2000.00\",\"2000.00\",\"2000.00\",\"2000.00\",\"2000.00\",\"2000.00\",\"2000.00\",\"2000.00\",\"2000.00\",\"2000.00\",\"2000.00\",\"2000.00\",\"2000.00\",\"2000.00\",\"2000.00\",\"2000.00\",\"2000.00\",\"2000.00\",\"2000.00\",\"2000.00\",\"2000.00\",\"2000.00\",\"2000.00\",\"2000.00\",\"2000.00\",\"2000.00\",\"2000.00\",\"2000.00\",\"2000.00\",\"2000.00\",\"2000.00\",\"2000.00\",\"2000.00\",\"2000.00\",\"2000.00\",\"2000.00\",\"2000.00\",\"2000.00\",\"2000.00\",\"2000.00\",\"2000.00\",\"2000.00\",\"2000.00\",\"2000.00\",\"2000.00\",\"2000.00\",\"2000.00\",\"2000.00\",\"2000.00\",\"2000.00\",\"2000.00\",\"2000.00\",\"2000.00\",\"2000.00\",\"2000.00\",\"2000.00\",\"2000.00\",\"2000.00\",\"2000.00\",\"2000.00\",\"2000.00\",\"2000.00\",\"2000.00\",\"2000.00\",\"2000.00\",\"2000.00\",\"2000.00\",\"2000.00\",\"2000.00\",\"2000.00\",\"2000.00\",\"2000.00\",\"2000.00\",\"2000.00\",\"2000.00\",\"2000.00\",\"2000.00\",\"2000.00\",\"2000.00\",\"2000.00\",\"2000.00\",\"2000.00\",\"2000.00\",\"2000.00\",\"2000.00\",\"2000.00\",\"2000.00\",\"2000.00\",\"2000.00\",\"2000.00\",\"2000.00\",\"2000.00\",\"2000.00\",\"2000.00\",\"2000.00\",\"2000.00\",\"2000.00\",\"2000.00\",\"2000.00\",\"2000.00\",\"2000.00\",\"2000.00\",\"2000.00\",\"2000.00\",\"2000.00\",\"2000.00\",\"2000.00\",\"2000.00\",\"2000.00\",\"2000.00\",\"2000.00\",\"2000.00\",\"2000.00\",\"2000.00\",\"2000.00\",\"2000.00\",\"2000.00\",\"2000.00\",\"2000.00\",\"2000.00\",\"2000.00\",\"2000.00\",\"2000.00\",\"2000.00\",\"2000.00\",\"2000.00\",\"2000.00\",\"2000.00\",\"2000.00\",\"2000.00\",\"2000.00\",\"2000.00\",\"2000.00\",\"2000.00\",\"2000.00\",\"2000.00\",\"2000.00\",\"2000.00\",\"2000.00\",\"2000.00\",\"2000.00\",\"2000.00\",\"2000.00\",\"2000.00\",\"2000.00\",\"2000.00\",\"2000.00\",\"2000.00\",\"2000.00\",\"2000.00\",\"2000.00\",\"2000.00\",\"2000.00\",\"2000.00\",\"2000.00\",\"2000.00\",\"2000.00\",\"2000.00\",\"2000.00\",\"2000.00\",\"2000.00\",\"2000.00\",\"2000.00\",\"2000.00\",\"2000.00\",\"2000.00\",\"2000.00\",\"2000.00\",\"2000.00\",\"2000.00\",\"2000.00\",\"2000.00\",\"2000.00\",\"2000.00\",\"2000.00\",\"2000.00\",\"2000.00\",\"2000.00\",\"2000.00\",\"2000.00\",\"2000.00\",\"2000.00\",\"2000.00\"]}}'),
(5, '7', '', '', 0, 7, 5, 3000, 0, '', 230000.00, 230000.00, 'approved', 3, 3, 0, 1274673600, 1369886400, '{\"151\":\"1500\"}', 0, '{\"term\":\"152\",\"term_period\":\"month\",\"payment_sched\":null,\"interest_rate\":\"\",\"penalty\":null,\"payment_breakdown\":{\"schedule\":[\"5\\/30\\/2013\",\"6\\/30\\/2013\",\"7\\/30\\/2013\",\"8\\/30\\/2013\",\"9\\/30\\/2013\",\"10\\/30\\/2013\",\"11\\/30\\/2013\",\"12\\/30\\/2013\",\"1\\/30\\/2014\",\"2\\/28\\/2014\",\"3\\/30\\/2014\",\"4\\/30\\/2014\",\"5\\/30\\/2014\",\"6\\/30\\/2014\",\"7\\/30\\/2014\",\"8\\/30\\/2014\",\"9\\/30\\/2014\",\"10\\/30\\/2014\",\"11\\/30\\/2014\",\"12\\/30\\/2014\",\"1\\/30\\/2015\",\"2\\/28\\/2015\",\"3\\/30\\/2015\",\"4\\/30\\/2015\",\"5\\/30\\/2015\",\"6\\/30\\/2015\",\"7\\/30\\/2015\",\"8\\/30\\/2015\",\"9\\/30\\/2015\",\"10\\/30\\/2015\",\"11\\/30\\/2015\",\"12\\/30\\/2015\",\"1\\/30\\/2016\",\"2\\/28\\/2016\",\"3\\/30\\/2016\",\"4\\/30\\/2016\",\"5\\/30\\/2016\",\"6\\/30\\/2016\",\"7\\/30\\/2016\",\"8\\/30\\/2016\",\"9\\/30\\/2016\",\"10\\/30\\/2016\",\"11\\/30\\/2016\",\"12\\/30\\/2016\",\"1\\/30\\/2017\",\"2\\/28\\/2017\",\"3\\/30\\/2017\",\"4\\/30\\/2017\",\"5\\/30\\/2017\",\"6\\/30\\/2017\",\"7\\/30\\/2017\",\"8\\/30\\/2017\",\"9\\/30\\/2017\",\"10\\/30\\/2017\",\"11\\/30\\/2017\",\"12\\/30\\/2017\",\"1\\/30\\/2018\",\"2\\/28\\/2018\",\"3\\/30\\/2018\",\"4\\/30\\/2018\",\"5\\/30\\/2018\",\"6\\/30\\/2018\",\"7\\/30\\/2018\",\"8\\/30\\/2018\",\"9\\/30\\/2018\",\"10\\/30\\/2018\",\"11\\/30\\/2018\",\"12\\/30\\/2018\",\"1\\/30\\/2019\",\"2\\/28\\/2019\",\"3\\/30\\/2019\",\"4\\/30\\/2019\",\"5\\/30\\/2019\",\"6\\/30\\/2019\",\"7\\/30\\/2019\",\"8\\/30\\/2019\",\"9\\/30\\/2019\",\"10\\/30\\/2019\",\"11\\/30\\/2019\",\"12\\/30\\/2019\",\"1\\/30\\/2020\",\"2\\/28\\/2020\",\"3\\/30\\/2020\",\"4\\/30\\/2020\",\"5\\/30\\/2020\",\"6\\/30\\/2020\",\"7\\/30\\/2020\",\"8\\/30\\/2020\",\"9\\/30\\/2020\",\"10\\/30\\/2020\",\"11\\/30\\/2020\",\"12\\/30\\/2020\",\"1\\/30\\/2021\",\"2\\/28\\/2021\",\"3\\/30\\/2021\",\"4\\/30\\/2021\",\"5\\/30\\/2021\",\"6\\/30\\/2021\",\"7\\/30\\/2021\",\"8\\/30\\/2021\",\"9\\/30\\/2021\",\"10\\/30\\/2021\",\"11\\/30\\/2021\",\"12\\/30\\/2021\",\"1\\/30\\/2022\",\"2\\/28\\/2022\",\"3\\/30\\/2022\",\"4\\/30\\/2022\",\"5\\/30\\/2022\",\"6\\/30\\/2022\",\"7\\/30\\/2022\",\"8\\/30\\/2022\",\"9\\/30\\/2022\",\"10\\/30\\/2022\",\"11\\/30\\/2022\",\"12\\/30\\/2022\",\"1\\/30\\/2023\",\"2\\/28\\/2023\",\"3\\/30\\/2023\",\"4\\/30\\/2023\",\"5\\/30\\/2023\",\"6\\/30\\/2023\",\"7\\/30\\/2023\",\"8\\/30\\/2023\",\"9\\/30\\/2023\",\"10\\/30\\/2023\",\"11\\/30\\/2023\",\"12\\/30\\/2023\",\"1\\/30\\/2024\",\"2\\/28\\/2024\",\"3\\/30\\/2024\",\"4\\/30\\/2024\",\"5\\/30\\/2024\",\"6\\/30\\/2024\",\"7\\/30\\/2024\",\"8\\/30\\/2024\",\"9\\/30\\/2024\",\"10\\/30\\/2024\",\"11\\/30\\/2024\",\"12\\/30\\/2024\",\"1\\/30\\/2025\",\"2\\/28\\/2025\",\"3\\/30\\/2025\",\"4\\/30\\/2025\",\"5\\/30\\/2025\",\"6\\/30\\/2025\",\"7\\/30\\/2025\",\"8\\/30\\/2025\",\"9\\/30\\/2025\",\"10\\/30\\/2025\",\"11\\/30\\/2025\",\"12\\/30\\/2025\"],\"balance\":[\"228486.84\",\"226973.68\",\"225460.52\",\"223947.36\",\"222434.20\",\"220921.04\",\"219407.88\",\"217894.72\",\"216381.56\",\"214868.40\",\"213355.24\",\"211842.08\",\"210328.92\",\"208815.76\",\"207302.60\",\"205789.44\",\"204276.28\",\"202763.12\",\"201249.96\",\"199736.80\",\"198223.64\",\"196710.48\",\"195197.32\",\"193684.16\",\"192171.00\",\"190657.84\",\"189144.68\",\"187631.52\",\"186118.36\",\"184605.20\",\"183092.04\",\"181578.88\",\"180065.72\",\"178552.56\",\"177039.40\",\"175526.24\",\"174013.08\",\"172499.92\",\"170986.76\",\"169473.60\",\"167960.44\",\"166447.28\",\"164934.12\",\"163420.96\",\"161907.80\",\"160394.64\",\"158881.48\",\"157368.32\",\"155855.16\",\"154342.00\",\"152828.84\",\"151315.68\",\"149802.52\",\"148289.36\",\"146776.20\",\"145263.04\",\"143749.88\",\"142236.72\",\"140723.56\",\"139210.40\",\"137697.24\",\"136184.08\",\"134670.92\",\"133157.76\",\"131644.60\",\"130131.44\",\"128618.28\",\"127105.12\",\"125591.96\",\"124078.80\",\"122565.64\",\"121052.48\",\"119539.32\",\"118026.16\",\"116513.00\",\"114999.84\",\"113486.68\",\"111973.52\",\"110460.36\",\"108947.20\",\"107434.04\",\"105920.88\",\"104407.72\",\"102894.56\",\"101381.40\",\"99868.24\",\"98355.08\",\"96841.92\",\"95328.76\",\"93815.60\",\"92302.44\",\"90789.28\",\"89276.12\",\"87762.96\",\"86249.80\",\"84736.64\",\"83223.48\",\"81710.32\",\"80197.16\",\"78684.00\",\"77170.84\",\"75657.68\",\"74144.52\",\"72631.36\",\"71118.20\",\"69605.04\",\"68091.88\",\"66578.72\",\"65065.56\",\"63552.40\",\"62039.24\",\"60526.08\",\"59012.92\",\"57499.76\",\"55986.60\",\"54473.44\",\"52960.28\",\"51447.12\",\"49933.96\",\"48420.80\",\"46907.64\",\"45394.48\",\"43881.32\",\"42368.16\",\"40855.00\",\"39341.84\",\"37828.68\",\"36315.52\",\"34802.36\",\"33289.20\",\"31776.04\",\"30262.88\",\"28749.72\",\"27236.56\",\"25723.40\",\"24210.24\",\"22697.08\",\"21183.92\",\"19670.76\",\"18157.60\",\"16644.44\",\"15131.28\",\"13618.12\",\"12104.96\",\"10591.80\",\"9078.64\",\"7565.48\",\"6052.32\",\"4539.16\",\"3026.00\",\"1512.84\",\"-0.32\"],\"interest\":[\"0.00\",\"0.00\",\"0.00\",\"0.00\",\"0.00\",\"0.00\",\"0.00\",\"0.00\",\"0.00\",\"0.00\",\"0.00\",\"0.00\",\"0.00\",\"0.00\",\"0.00\",\"0.00\",\"0.00\",\"0.00\",\"0.00\",\"0.00\",\"0.00\",\"0.00\",\"0.00\",\"0.00\",\"0.00\",\"0.00\",\"0.00\",\"0.00\",\"0.00\",\"0.00\",\"0.00\",\"0.00\",\"0.00\",\"0.00\",\"0.00\",\"0.00\",\"0.00\",\"0.00\",\"0.00\",\"0.00\",\"0.00\",\"0.00\",\"0.00\",\"0.00\",\"0.00\",\"0.00\",\"0.00\",\"0.00\",\"0.00\",\"0.00\",\"0.00\",\"0.00\",\"0.00\",\"0.00\",\"0.00\",\"0.00\",\"0.00\",\"0.00\",\"0.00\",\"0.00\",\"0.00\",\"0.00\",\"0.00\",\"0.00\",\"0.00\",\"0.00\",\"0.00\",\"0.00\",\"0.00\",\"0.00\",\"0.00\",\"0.00\",\"0.00\",\"0.00\",\"0.00\",\"0.00\",\"0.00\",\"0.00\",\"0.00\",\"0.00\",\"0.00\",\"0.00\",\"0.00\",\"0.00\",\"0.00\",\"0.00\",\"0.00\",\"0.00\",\"0.00\",\"0.00\",\"0.00\",\"0.00\",\"0.00\",\"0.00\",\"0.00\",\"0.00\",\"0.00\",\"0.00\",\"0.00\",\"0.00\",\"0.00\",\"0.00\",\"0.00\",\"0.00\",\"0.00\",\"0.00\",\"0.00\",\"0.00\",\"0.00\",\"0.00\",\"0.00\",\"0.00\",\"0.00\",\"0.00\",\"0.00\",\"0.00\",\"0.00\",\"0.00\",\"0.00\",\"0.00\",\"0.00\",\"0.00\",\"0.00\",\"0.00\",\"0.00\",\"0.00\",\"0.00\",\"0.00\",\"0.00\",\"0.00\",\"0.00\",\"0.00\",\"0.00\",\"0.00\",\"0.00\",\"0.00\",\"0.00\",\"0.00\",\"0.00\",\"0.00\",\"0.00\",\"0.00\",\"0.00\",\"0.00\",\"0.00\",\"0.00\",\"0.00\",\"0.00\",\"0.00\",\"0.00\",\"0.00\",\"0.00\"],\"amount\":[\"1513.16\",\"1513.16\",\"1513.16\",\"1513.16\",\"1513.16\",\"1513.16\",\"1513.16\",\"1513.16\",\"1513.16\",\"1513.16\",\"1513.16\",\"1513.16\",\"1513.16\",\"1513.16\",\"1513.16\",\"1513.16\",\"1513.16\",\"1513.16\",\"1513.16\",\"1513.16\",\"1513.16\",\"1513.16\",\"1513.16\",\"1513.16\",\"1513.16\",\"1513.16\",\"1513.16\",\"1513.16\",\"1513.16\",\"1513.16\",\"1513.16\",\"1513.16\",\"1513.16\",\"1513.16\",\"1513.16\",\"1513.16\",\"1513.16\",\"1513.16\",\"1513.16\",\"1513.16\",\"1513.16\",\"1513.16\",\"1513.16\",\"1513.16\",\"1513.16\",\"1513.16\",\"1513.16\",\"1513.16\",\"1513.16\",\"1513.16\",\"1513.16\",\"1513.16\",\"1513.16\",\"1513.16\",\"1513.16\",\"1513.16\",\"1513.16\",\"1513.16\",\"1513.16\",\"1513.16\",\"1513.16\",\"1513.16\",\"1513.16\",\"1513.16\",\"1513.16\",\"1513.16\",\"1513.16\",\"1513.16\",\"1513.16\",\"1513.16\",\"1513.16\",\"1513.16\",\"1513.16\",\"1513.16\",\"1513.16\",\"1513.16\",\"1513.16\",\"1513.16\",\"1513.16\",\"1513.16\",\"1513.16\",\"1513.16\",\"1513.16\",\"1513.16\",\"1513.16\",\"1513.16\",\"1513.16\",\"1513.16\",\"1513.16\",\"1513.16\",\"1513.16\",\"1513.16\",\"1513.16\",\"1513.16\",\"1513.16\",\"1513.16\",\"1513.16\",\"1513.16\",\"1513.16\",\"1513.16\",\"1513.16\",\"1513.16\",\"1513.16\",\"1513.16\",\"1513.16\",\"1513.16\",\"1513.16\",\"1513.16\",\"1513.16\",\"1513.16\",\"1513.16\",\"1513.16\",\"1513.16\",\"1513.16\",\"1513.16\",\"1513.16\",\"1513.16\",\"1513.16\",\"1513.16\",\"1513.16\",\"1513.16\",\"1513.16\",\"1513.16\",\"1513.16\",\"1513.16\",\"1513.16\",\"1513.16\",\"1513.16\",\"1513.16\",\"1513.16\",\"1513.16\",\"1513.16\",\"1513.16\",\"1513.16\",\"1513.16\",\"1513.16\",\"1513.16\",\"1513.16\",\"1513.16\",\"1513.16\",\"1513.16\",\"1513.16\",\"1513.16\",\"1513.16\",\"1513.16\",\"1513.16\",\"1513.16\",\"1513.16\",\"1513.16\",\"1513.16\",\"1513.16\",\"1513.16\"]}}'),
(6, '8', '', '', 0, 8, 6, 30000, 5000, 'TERMINO DE PAGAR EL 30 DE DICIEMBRE DEL 2015 NO TIENE CESION DE DERECHO ', 320000.00, 320000.00, 'pending', 3, 0, 0, 1244174400, 1246334400, '{\"80\":\"4000\"}', 0, '{\"term\":\"80\",\"term_period\":\"month\",\"payment_sched\":null,\"interest_rate\":\"\",\"penalty\":null,\"payment_breakdown\":{\"schedule\":[\"6\\/30\\/2009\",\"7\\/30\\/2009\",\"8\\/30\\/2009\",\"9\\/30\\/2009\",\"10\\/30\\/2009\",\"11\\/30\\/2009\",\"12\\/30\\/2009\",\"1\\/30\\/2010\",\"2\\/28\\/2010\",\"3\\/30\\/2010\",\"4\\/30\\/2010\",\"5\\/30\\/2010\",\"6\\/30\\/2010\",\"7\\/30\\/2010\",\"8\\/30\\/2010\",\"9\\/30\\/2010\",\"10\\/30\\/2010\",\"11\\/30\\/2010\",\"12\\/30\\/2010\",\"1\\/30\\/2011\",\"2\\/28\\/2011\",\"3\\/30\\/2011\",\"4\\/30\\/2011\",\"5\\/30\\/2011\",\"6\\/30\\/2011\",\"7\\/30\\/2011\",\"8\\/30\\/2011\",\"9\\/30\\/2011\",\"10\\/30\\/2011\",\"11\\/30\\/2011\",\"12\\/30\\/2011\",\"1\\/30\\/2012\",\"2\\/28\\/2012\",\"3\\/30\\/2012\",\"4\\/30\\/2012\",\"5\\/30\\/2012\",\"6\\/30\\/2012\",\"7\\/30\\/2012\",\"8\\/30\\/2012\",\"9\\/30\\/2012\",\"10\\/30\\/2012\",\"11\\/30\\/2012\",\"12\\/30\\/2012\",\"1\\/30\\/2013\",\"2\\/28\\/2013\",\"3\\/30\\/2013\",\"4\\/30\\/2013\",\"5\\/30\\/2013\",\"6\\/30\\/2013\",\"7\\/30\\/2013\",\"8\\/30\\/2013\",\"9\\/30\\/2013\",\"10\\/30\\/2013\",\"11\\/30\\/2013\",\"12\\/30\\/2013\",\"1\\/30\\/2014\",\"2\\/28\\/2014\",\"3\\/30\\/2014\",\"4\\/30\\/2014\",\"5\\/30\\/2014\",\"6\\/30\\/2014\",\"7\\/30\\/2014\",\"8\\/30\\/2014\",\"9\\/30\\/2014\",\"10\\/30\\/2014\",\"11\\/30\\/2014\",\"12\\/30\\/2014\",\"1\\/30\\/2015\",\"2\\/28\\/2015\",\"3\\/30\\/2015\",\"4\\/30\\/2015\",\"5\\/30\\/2015\",\"6\\/30\\/2015\",\"7\\/30\\/2015\",\"8\\/30\\/2015\",\"9\\/30\\/2015\",\"10\\/30\\/2015\",\"11\\/30\\/2015\",\"12\\/30\\/2015\",\"1\\/30\\/2016\"],\"balance\":[\"316000.00\",\"312000.00\",\"308000.00\",\"304000.00\",\"300000.00\",\"296000.00\",\"292000.00\",\"288000.00\",\"284000.00\",\"280000.00\",\"276000.00\",\"272000.00\",\"268000.00\",\"264000.00\",\"260000.00\",\"256000.00\",\"252000.00\",\"248000.00\",\"244000.00\",\"240000.00\",\"236000.00\",\"232000.00\",\"228000.00\",\"224000.00\",\"220000.00\",\"216000.00\",\"212000.00\",\"208000.00\",\"204000.00\",\"200000.00\",\"196000.00\",\"192000.00\",\"188000.00\",\"184000.00\",\"180000.00\",\"176000.00\",\"172000.00\",\"168000.00\",\"164000.00\",\"160000.00\",\"156000.00\",\"152000.00\",\"148000.00\",\"144000.00\",\"140000.00\",\"136000.00\",\"132000.00\",\"128000.00\",\"124000.00\",\"120000.00\",\"116000.00\",\"112000.00\",\"108000.00\",\"104000.00\",\"100000.00\",\"96000.00\",\"92000.00\",\"88000.00\",\"84000.00\",\"80000.00\",\"76000.00\",\"72000.00\",\"68000.00\",\"64000.00\",\"60000.00\",\"56000.00\",\"52000.00\",\"48000.00\",\"44000.00\",\"40000.00\",\"36000.00\",\"32000.00\",\"28000.00\",\"24000.00\",\"20000.00\",\"16000.00\",\"12000.00\",\"8000.00\",\"4000.00\",\"0.00\"],\"interest\":[\"0.00\",\"0.00\",\"0.00\",\"0.00\",\"0.00\",\"0.00\",\"0.00\",\"0.00\",\"0.00\",\"0.00\",\"0.00\",\"0.00\",\"0.00\",\"0.00\",\"0.00\",\"0.00\",\"0.00\",\"0.00\",\"0.00\",\"0.00\",\"0.00\",\"0.00\",\"0.00\",\"0.00\",\"0.00\",\"0.00\",\"0.00\",\"0.00\",\"0.00\",\"0.00\",\"0.00\",\"0.00\",\"0.00\",\"0.00\",\"0.00\",\"0.00\",\"0.00\",\"0.00\",\"0.00\",\"0.00\",\"0.00\",\"0.00\",\"0.00\",\"0.00\",\"0.00\",\"0.00\",\"0.00\",\"0.00\",\"0.00\",\"0.00\",\"0.00\",\"0.00\",\"0.00\",\"0.00\",\"0.00\",\"0.00\",\"0.00\",\"0.00\",\"0.00\",\"0.00\",\"0.00\",\"0.00\",\"0.00\",\"0.00\",\"0.00\",\"0.00\",\"0.00\",\"0.00\",\"0.00\",\"0.00\",\"0.00\",\"0.00\",\"0.00\",\"0.00\",\"0.00\",\"0.00\",\"0.00\",\"0.00\",\"0.00\",\"0.00\"],\"amount\":[\"4000.00\",\"4000.00\",\"4000.00\",\"4000.00\",\"4000.00\",\"4000.00\",\"4000.00\",\"4000.00\",\"4000.00\",\"4000.00\",\"4000.00\",\"4000.00\",\"4000.00\",\"4000.00\",\"4000.00\",\"4000.00\",\"4000.00\",\"4000.00\",\"4000.00\",\"4000.00\",\"4000.00\",\"4000.00\",\"4000.00\",\"4000.00\",\"4000.00\",\"4000.00\",\"4000.00\",\"4000.00\",\"4000.00\",\"4000.00\",\"4000.00\",\"4000.00\",\"4000.00\",\"4000.00\",\"4000.00\",\"4000.00\",\"4000.00\",\"4000.00\",\"4000.00\",\"4000.00\",\"4000.00\",\"4000.00\",\"4000.00\",\"4000.00\",\"4000.00\",\"4000.00\",\"4000.00\",\"4000.00\",\"4000.00\",\"4000.00\",\"4000.00\",\"4000.00\",\"4000.00\",\"4000.00\",\"4000.00\",\"4000.00\",\"4000.00\",\"4000.00\",\"4000.00\",\"4000.00\",\"4000.00\",\"4000.00\",\"4000.00\",\"4000.00\",\"4000.00\",\"4000.00\",\"4000.00\",\"4000.00\",\"4000.00\",\"4000.00\",\"4000.00\",\"4000.00\",\"4000.00\",\"4000.00\",\"4000.00\",\"4000.00\",\"4000.00\",\"4000.00\",\"4000.00\",\"4000.00\"]}}');
INSERT INTO `c19_loans` (`loan_id`, `account`, `description`, `remarks`, `loan_type_id`, `customer_id`, `lote_id`, `enganche`, `mantenimiento`, `observacion_lote`, `loan_amount`, `loan_balance`, `loan_status`, `loan_agent_id`, `loan_approved_by_id`, `loan_reviewed_by_id`, `loan_applied_date`, `loan_payment_date`, `misc_fees`, `delete_flag`, `payment_scheds`) VALUES
(7, '9', '', '', 0, 9, 7, 2000, 5000, '', 348000.00, 348000.00, 'pending', 3, 0, 0, 1449118800, 1479186000, '{\"174\":\"2000\"}', 0, '{\"term\":\"174\",\"term_period\":\"month\",\"payment_sched\":null,\"interest_rate\":\"\",\"penalty\":null,\"payment_breakdown\":{\"schedule\":[\"11\\/15\\/2016\",\"12\\/15\\/2016\",\"1\\/15\\/2017\",\"2\\/15\\/2017\",\"3\\/15\\/2017\",\"4\\/15\\/2017\",\"5\\/15\\/2017\",\"6\\/15\\/2017\",\"7\\/15\\/2017\",\"8\\/15\\/2017\",\"9\\/15\\/2017\",\"10\\/15\\/2017\",\"11\\/15\\/2017\",\"12\\/15\\/2017\",\"1\\/15\\/2018\",\"2\\/15\\/2018\",\"3\\/15\\/2018\",\"4\\/15\\/2018\",\"5\\/15\\/2018\",\"6\\/15\\/2018\",\"7\\/15\\/2018\",\"8\\/15\\/2018\",\"9\\/15\\/2018\",\"10\\/15\\/2018\",\"11\\/15\\/2018\",\"12\\/15\\/2018\",\"1\\/15\\/2019\",\"2\\/15\\/2019\",\"3\\/15\\/2019\",\"4\\/15\\/2019\",\"5\\/15\\/2019\",\"6\\/15\\/2019\",\"7\\/15\\/2019\",\"8\\/15\\/2019\",\"9\\/15\\/2019\",\"10\\/15\\/2019\",\"11\\/15\\/2019\",\"12\\/15\\/2019\",\"1\\/15\\/2020\",\"2\\/15\\/2020\",\"3\\/15\\/2020\",\"4\\/15\\/2020\",\"5\\/15\\/2020\",\"6\\/15\\/2020\",\"7\\/15\\/2020\",\"8\\/15\\/2020\",\"9\\/15\\/2020\",\"10\\/15\\/2020\",\"11\\/15\\/2020\",\"12\\/15\\/2020\",\"1\\/15\\/2021\",\"2\\/15\\/2021\",\"3\\/15\\/2021\",\"4\\/15\\/2021\",\"5\\/15\\/2021\",\"6\\/15\\/2021\",\"7\\/15\\/2021\",\"8\\/15\\/2021\",\"9\\/15\\/2021\",\"10\\/15\\/2021\",\"11\\/15\\/2021\",\"12\\/15\\/2021\",\"1\\/15\\/2022\",\"2\\/15\\/2022\",\"3\\/15\\/2022\",\"4\\/15\\/2022\",\"5\\/15\\/2022\",\"6\\/15\\/2022\",\"7\\/15\\/2022\",\"8\\/15\\/2022\",\"9\\/15\\/2022\",\"10\\/15\\/2022\",\"11\\/15\\/2022\",\"12\\/15\\/2022\",\"1\\/15\\/2023\",\"2\\/15\\/2023\",\"3\\/15\\/2023\",\"4\\/15\\/2023\",\"5\\/15\\/2023\",\"6\\/15\\/2023\",\"7\\/15\\/2023\",\"8\\/15\\/2023\",\"9\\/15\\/2023\",\"10\\/15\\/2023\",\"11\\/15\\/2023\",\"12\\/15\\/2023\",\"1\\/15\\/2024\",\"2\\/15\\/2024\",\"3\\/15\\/2024\",\"4\\/15\\/2024\",\"5\\/15\\/2024\",\"6\\/15\\/2024\",\"7\\/15\\/2024\",\"8\\/15\\/2024\",\"9\\/15\\/2024\",\"10\\/15\\/2024\",\"11\\/15\\/2024\",\"12\\/15\\/2024\",\"1\\/15\\/2025\",\"2\\/15\\/2025\",\"3\\/15\\/2025\",\"4\\/15\\/2025\",\"5\\/15\\/2025\",\"6\\/15\\/2025\",\"7\\/15\\/2025\",\"8\\/15\\/2025\",\"9\\/15\\/2025\",\"10\\/15\\/2025\",\"11\\/15\\/2025\",\"12\\/15\\/2025\",\"1\\/15\\/2026\",\"2\\/15\\/2026\",\"3\\/15\\/2026\",\"4\\/15\\/2026\",\"5\\/15\\/2026\",\"6\\/15\\/2026\",\"7\\/15\\/2026\",\"8\\/15\\/2026\",\"9\\/15\\/2026\",\"10\\/15\\/2026\",\"11\\/15\\/2026\",\"12\\/15\\/2026\",\"1\\/15\\/2027\",\"2\\/15\\/2027\",\"3\\/15\\/2027\",\"4\\/15\\/2027\",\"5\\/15\\/2027\",\"6\\/15\\/2027\",\"7\\/15\\/2027\",\"8\\/15\\/2027\",\"9\\/15\\/2027\",\"10\\/15\\/2027\",\"11\\/15\\/2027\",\"12\\/15\\/2027\",\"1\\/15\\/2028\",\"2\\/15\\/2028\",\"3\\/15\\/2028\",\"4\\/15\\/2028\",\"5\\/15\\/2028\",\"6\\/15\\/2028\",\"7\\/15\\/2028\",\"8\\/15\\/2028\",\"9\\/15\\/2028\",\"10\\/15\\/2028\",\"11\\/15\\/2028\",\"12\\/15\\/2028\",\"1\\/15\\/2029\",\"2\\/15\\/2029\",\"3\\/15\\/2029\",\"4\\/15\\/2029\",\"5\\/15\\/2029\",\"6\\/15\\/2029\",\"7\\/15\\/2029\",\"8\\/15\\/2029\",\"9\\/15\\/2029\",\"10\\/15\\/2029\",\"11\\/15\\/2029\",\"12\\/15\\/2029\",\"1\\/15\\/2030\",\"2\\/15\\/2030\",\"3\\/15\\/2030\",\"4\\/15\\/2030\",\"5\\/15\\/2030\",\"6\\/15\\/2030\",\"7\\/15\\/2030\",\"8\\/15\\/2030\",\"9\\/15\\/2030\",\"10\\/15\\/2030\",\"11\\/15\\/2030\",\"12\\/15\\/2030\",\"1\\/15\\/2031\",\"2\\/15\\/2031\",\"3\\/15\\/2031\",\"4\\/15\\/2031\"],\"balance\":[\"346000.00\",\"344000.00\",\"342000.00\",\"340000.00\",\"338000.00\",\"336000.00\",\"334000.00\",\"332000.00\",\"330000.00\",\"328000.00\",\"326000.00\",\"324000.00\",\"322000.00\",\"320000.00\",\"318000.00\",\"316000.00\",\"314000.00\",\"312000.00\",\"310000.00\",\"308000.00\",\"306000.00\",\"304000.00\",\"302000.00\",\"300000.00\",\"298000.00\",\"296000.00\",\"294000.00\",\"292000.00\",\"290000.00\",\"288000.00\",\"286000.00\",\"284000.00\",\"282000.00\",\"280000.00\",\"278000.00\",\"276000.00\",\"274000.00\",\"272000.00\",\"270000.00\",\"268000.00\",\"266000.00\",\"264000.00\",\"262000.00\",\"260000.00\",\"258000.00\",\"256000.00\",\"254000.00\",\"252000.00\",\"250000.00\",\"248000.00\",\"246000.00\",\"244000.00\",\"242000.00\",\"240000.00\",\"238000.00\",\"236000.00\",\"234000.00\",\"232000.00\",\"230000.00\",\"228000.00\",\"226000.00\",\"224000.00\",\"222000.00\",\"220000.00\",\"218000.00\",\"216000.00\",\"214000.00\",\"212000.00\",\"210000.00\",\"208000.00\",\"206000.00\",\"204000.00\",\"202000.00\",\"200000.00\",\"198000.00\",\"196000.00\",\"194000.00\",\"192000.00\",\"190000.00\",\"188000.00\",\"186000.00\",\"184000.00\",\"182000.00\",\"180000.00\",\"178000.00\",\"176000.00\",\"174000.00\",\"172000.00\",\"170000.00\",\"168000.00\",\"166000.00\",\"164000.00\",\"162000.00\",\"160000.00\",\"158000.00\",\"156000.00\",\"154000.00\",\"152000.00\",\"150000.00\",\"148000.00\",\"146000.00\",\"144000.00\",\"142000.00\",\"140000.00\",\"138000.00\",\"136000.00\",\"134000.00\",\"132000.00\",\"130000.00\",\"128000.00\",\"126000.00\",\"124000.00\",\"122000.00\",\"120000.00\",\"118000.00\",\"116000.00\",\"114000.00\",\"112000.00\",\"110000.00\",\"108000.00\",\"106000.00\",\"104000.00\",\"102000.00\",\"100000.00\",\"98000.00\",\"96000.00\",\"94000.00\",\"92000.00\",\"90000.00\",\"88000.00\",\"86000.00\",\"84000.00\",\"82000.00\",\"80000.00\",\"78000.00\",\"76000.00\",\"74000.00\",\"72000.00\",\"70000.00\",\"68000.00\",\"66000.00\",\"64000.00\",\"62000.00\",\"60000.00\",\"58000.00\",\"56000.00\",\"54000.00\",\"52000.00\",\"50000.00\",\"48000.00\",\"46000.00\",\"44000.00\",\"42000.00\",\"40000.00\",\"38000.00\",\"36000.00\",\"34000.00\",\"32000.00\",\"30000.00\",\"28000.00\",\"26000.00\",\"24000.00\",\"22000.00\",\"20000.00\",\"18000.00\",\"16000.00\",\"14000.00\",\"12000.00\",\"10000.00\",\"8000.00\",\"6000.00\",\"4000.00\",\"2000.00\",\"0.00\"],\"interest\":[\"0.00\",\"0.00\",\"0.00\",\"0.00\",\"0.00\",\"0.00\",\"0.00\",\"0.00\",\"0.00\",\"0.00\",\"0.00\",\"0.00\",\"0.00\",\"0.00\",\"0.00\",\"0.00\",\"0.00\",\"0.00\",\"0.00\",\"0.00\",\"0.00\",\"0.00\",\"0.00\",\"0.00\",\"0.00\",\"0.00\",\"0.00\",\"0.00\",\"0.00\",\"0.00\",\"0.00\",\"0.00\",\"0.00\",\"0.00\",\"0.00\",\"0.00\",\"0.00\",\"0.00\",\"0.00\",\"0.00\",\"0.00\",\"0.00\",\"0.00\",\"0.00\",\"0.00\",\"0.00\",\"0.00\",\"0.00\",\"0.00\",\"0.00\",\"0.00\",\"0.00\",\"0.00\",\"0.00\",\"0.00\",\"0.00\",\"0.00\",\"0.00\",\"0.00\",\"0.00\",\"0.00\",\"0.00\",\"0.00\",\"0.00\",\"0.00\",\"0.00\",\"0.00\",\"0.00\",\"0.00\",\"0.00\",\"0.00\",\"0.00\",\"0.00\",\"0.00\",\"0.00\",\"0.00\",\"0.00\",\"0.00\",\"0.00\",\"0.00\",\"0.00\",\"0.00\",\"0.00\",\"0.00\",\"0.00\",\"0.00\",\"0.00\",\"0.00\",\"0.00\",\"0.00\",\"0.00\",\"0.00\",\"0.00\",\"0.00\",\"0.00\",\"0.00\",\"0.00\",\"0.00\",\"0.00\",\"0.00\",\"0.00\",\"0.00\",\"0.00\",\"0.00\",\"0.00\",\"0.00\",\"0.00\",\"0.00\",\"0.00\",\"0.00\",\"0.00\",\"0.00\",\"0.00\",\"0.00\",\"0.00\",\"0.00\",\"0.00\",\"0.00\",\"0.00\",\"0.00\",\"0.00\",\"0.00\",\"0.00\",\"0.00\",\"0.00\",\"0.00\",\"0.00\",\"0.00\",\"0.00\",\"0.00\",\"0.00\",\"0.00\",\"0.00\",\"0.00\",\"0.00\",\"0.00\",\"0.00\",\"0.00\",\"0.00\",\"0.00\",\"0.00\",\"0.00\",\"0.00\",\"0.00\",\"0.00\",\"0.00\",\"0.00\",\"0.00\",\"0.00\",\"0.00\",\"0.00\",\"0.00\",\"0.00\",\"0.00\",\"0.00\",\"0.00\",\"0.00\",\"0.00\",\"0.00\",\"0.00\",\"0.00\",\"0.00\",\"0.00\",\"0.00\",\"0.00\",\"0.00\",\"0.00\",\"0.00\",\"0.00\",\"0.00\",\"0.00\",\"0.00\",\"0.00\",\"0.00\"],\"amount\":[\"2000.00\",\"2000.00\",\"2000.00\",\"2000.00\",\"2000.00\",\"2000.00\",\"2000.00\",\"2000.00\",\"2000.00\",\"2000.00\",\"2000.00\",\"2000.00\",\"2000.00\",\"2000.00\",\"2000.00\",\"2000.00\",\"2000.00\",\"2000.00\",\"2000.00\",\"2000.00\",\"2000.00\",\"2000.00\",\"2000.00\",\"2000.00\",\"2000.00\",\"2000.00\",\"2000.00\",\"2000.00\",\"2000.00\",\"2000.00\",\"2000.00\",\"2000.00\",\"2000.00\",\"2000.00\",\"2000.00\",\"2000.00\",\"2000.00\",\"2000.00\",\"2000.00\",\"2000.00\",\"2000.00\",\"2000.00\",\"2000.00\",\"2000.00\",\"2000.00\",\"2000.00\",\"2000.00\",\"2000.00\",\"2000.00\",\"2000.00\",\"2000.00\",\"2000.00\",\"2000.00\",\"2000.00\",\"2000.00\",\"2000.00\",\"2000.00\",\"2000.00\",\"2000.00\",\"2000.00\",\"2000.00\",\"2000.00\",\"2000.00\",\"2000.00\",\"2000.00\",\"2000.00\",\"2000.00\",\"2000.00\",\"2000.00\",\"2000.00\",\"2000.00\",\"2000.00\",\"2000.00\",\"2000.00\",\"2000.00\",\"2000.00\",\"2000.00\",\"2000.00\",\"2000.00\",\"2000.00\",\"2000.00\",\"2000.00\",\"2000.00\",\"2000.00\",\"2000.00\",\"2000.00\",\"2000.00\",\"2000.00\",\"2000.00\",\"2000.00\",\"2000.00\",\"2000.00\",\"2000.00\",\"2000.00\",\"2000.00\",\"2000.00\",\"2000.00\",\"2000.00\",\"2000.00\",\"2000.00\",\"2000.00\",\"2000.00\",\"2000.00\",\"2000.00\",\"2000.00\",\"2000.00\",\"2000.00\",\"2000.00\",\"2000.00\",\"2000.00\",\"2000.00\",\"2000.00\",\"2000.00\",\"2000.00\",\"2000.00\",\"2000.00\",\"2000.00\",\"2000.00\",\"2000.00\",\"2000.00\",\"2000.00\",\"2000.00\",\"2000.00\",\"2000.00\",\"2000.00\",\"2000.00\",\"2000.00\",\"2000.00\",\"2000.00\",\"2000.00\",\"2000.00\",\"2000.00\",\"2000.00\",\"2000.00\",\"2000.00\",\"2000.00\",\"2000.00\",\"2000.00\",\"2000.00\",\"2000.00\",\"2000.00\",\"2000.00\",\"2000.00\",\"2000.00\",\"2000.00\",\"2000.00\",\"2000.00\",\"2000.00\",\"2000.00\",\"2000.00\",\"2000.00\",\"2000.00\",\"2000.00\",\"2000.00\",\"2000.00\",\"2000.00\",\"2000.00\",\"2000.00\",\"2000.00\",\"2000.00\",\"2000.00\",\"2000.00\",\"2000.00\",\"2000.00\",\"2000.00\",\"2000.00\",\"2000.00\",\"2000.00\",\"2000.00\",\"2000.00\",\"2000.00\",\"2000.00\",\"2000.00\",\"2000.00\"]}}'),
(8, '10', '', '', 0, 10, 8, 3000, 5000, '', 233609.82, 233609.82, 'pending', 3, 0, 0, 1274673600, 1371268800, '{\"\":\"\"}', 0, '{\"term\":\"156\",\"term_period\":\"month\",\"payment_sched\":null,\"interest_rate\":\"\",\"penalty\":null,\"payment_breakdown\":{\"schedule\":[\"6\\/15\\/2013\",\"7\\/15\\/2013\",\"8\\/15\\/2013\",\"9\\/15\\/2013\",\"10\\/15\\/2013\",\"11\\/15\\/2013\",\"12\\/15\\/2013\",\"1\\/15\\/2014\",\"2\\/15\\/2014\",\"3\\/15\\/2014\",\"4\\/15\\/2014\",\"5\\/15\\/2014\",\"6\\/15\\/2014\",\"7\\/15\\/2014\",\"8\\/15\\/2014\",\"9\\/15\\/2014\",\"10\\/15\\/2014\",\"11\\/15\\/2014\",\"12\\/15\\/2014\",\"1\\/15\\/2015\",\"2\\/15\\/2015\",\"3\\/15\\/2015\",\"4\\/15\\/2015\",\"5\\/15\\/2015\",\"6\\/15\\/2015\",\"7\\/15\\/2015\",\"8\\/15\\/2015\",\"9\\/15\\/2015\",\"10\\/15\\/2015\",\"11\\/15\\/2015\",\"12\\/15\\/2015\",\"1\\/15\\/2016\",\"2\\/15\\/2016\",\"3\\/15\\/2016\",\"4\\/15\\/2016\",\"5\\/15\\/2016\",\"6\\/15\\/2016\",\"7\\/15\\/2016\",\"8\\/15\\/2016\",\"9\\/15\\/2016\",\"10\\/15\\/2016\",\"11\\/15\\/2016\",\"12\\/15\\/2016\",\"1\\/15\\/2017\",\"2\\/15\\/2017\",\"3\\/15\\/2017\",\"4\\/15\\/2017\",\"5\\/15\\/2017\",\"6\\/15\\/2017\",\"7\\/15\\/2017\",\"8\\/15\\/2017\",\"9\\/15\\/2017\",\"10\\/15\\/2017\",\"11\\/15\\/2017\",\"12\\/15\\/2017\",\"1\\/15\\/2018\",\"2\\/15\\/2018\",\"3\\/15\\/2018\",\"4\\/15\\/2018\",\"5\\/15\\/2018\",\"6\\/15\\/2018\",\"7\\/15\\/2018\",\"8\\/15\\/2018\",\"9\\/15\\/2018\",\"10\\/15\\/2018\",\"11\\/15\\/2018\",\"12\\/15\\/2018\",\"1\\/15\\/2019\",\"2\\/15\\/2019\",\"3\\/15\\/2019\",\"4\\/15\\/2019\",\"5\\/15\\/2019\",\"6\\/15\\/2019\",\"7\\/15\\/2019\",\"8\\/15\\/2019\",\"9\\/15\\/2019\",\"10\\/15\\/2019\",\"11\\/15\\/2019\",\"12\\/15\\/2019\",\"1\\/15\\/2020\",\"2\\/15\\/2020\",\"3\\/15\\/2020\",\"4\\/15\\/2020\",\"5\\/15\\/2020\",\"6\\/15\\/2020\",\"7\\/15\\/2020\",\"8\\/15\\/2020\",\"9\\/15\\/2020\",\"10\\/15\\/2020\",\"11\\/15\\/2020\",\"12\\/15\\/2020\",\"1\\/15\\/2021\",\"2\\/15\\/2021\",\"3\\/15\\/2021\",\"4\\/15\\/2021\",\"5\\/15\\/2021\",\"6\\/15\\/2021\",\"7\\/15\\/2021\",\"8\\/15\\/2021\",\"9\\/15\\/2021\",\"10\\/15\\/2021\",\"11\\/15\\/2021\",\"12\\/15\\/2021\",\"1\\/15\\/2022\",\"2\\/15\\/2022\",\"3\\/15\\/2022\",\"4\\/15\\/2022\",\"5\\/15\\/2022\",\"6\\/15\\/2022\",\"7\\/15\\/2022\",\"8\\/15\\/2022\",\"9\\/15\\/2022\",\"10\\/15\\/2022\",\"11\\/15\\/2022\",\"12\\/15\\/2022\",\"1\\/15\\/2023\",\"2\\/15\\/2023\",\"3\\/15\\/2023\",\"4\\/15\\/2023\",\"5\\/15\\/2023\",\"6\\/15\\/2023\",\"7\\/15\\/2023\",\"8\\/15\\/2023\",\"9\\/15\\/2023\",\"10\\/15\\/2023\",\"11\\/15\\/2023\",\"12\\/15\\/2023\",\"1\\/15\\/2024\",\"2\\/15\\/2024\",\"3\\/15\\/2024\",\"4\\/15\\/2024\",\"5\\/15\\/2024\",\"6\\/15\\/2024\",\"7\\/15\\/2024\",\"8\\/15\\/2024\",\"9\\/15\\/2024\",\"10\\/15\\/2024\",\"11\\/15\\/2024\",\"12\\/15\\/2024\",\"1\\/15\\/2025\",\"2\\/15\\/2025\",\"3\\/15\\/2025\",\"4\\/15\\/2025\",\"5\\/15\\/2025\",\"6\\/15\\/2025\",\"7\\/15\\/2025\",\"8\\/15\\/2025\",\"9\\/15\\/2025\",\"10\\/15\\/2025\",\"11\\/15\\/2025\",\"12\\/15\\/2025\",\"1\\/15\\/2026\",\"2\\/15\\/2026\",\"3\\/15\\/2026\",\"4\\/15\\/2026\",\"5\\/15\\/2026\"],\"balance\":[\"232112.32\",\"230614.82\",\"229117.32\",\"227619.82\",\"226122.32\",\"224624.82\",\"223127.32\",\"221629.82\",\"220132.32\",\"218634.82\",\"217137.32\",\"215639.82\",\"214142.32\",\"212644.82\",\"211147.32\",\"209649.82\",\"208152.32\",\"206654.82\",\"205157.32\",\"203659.82\",\"202162.32\",\"200664.82\",\"199167.32\",\"197669.82\",\"196172.32\",\"194674.82\",\"193177.32\",\"191679.82\",\"190182.32\",\"188684.82\",\"187187.32\",\"185689.82\",\"184192.32\",\"182694.82\",\"181197.32\",\"179699.82\",\"178202.32\",\"176704.82\",\"175207.32\",\"173709.82\",\"172212.32\",\"170714.82\",\"169217.32\",\"167719.82\",\"166222.32\",\"164724.82\",\"163227.32\",\"161729.82\",\"160232.32\",\"158734.82\",\"157237.32\",\"155739.82\",\"154242.32\",\"152744.82\",\"151247.32\",\"149749.82\",\"148252.32\",\"146754.82\",\"145257.32\",\"143759.82\",\"142262.32\",\"140764.82\",\"139267.32\",\"137769.82\",\"136272.32\",\"134774.82\",\"133277.32\",\"131779.82\",\"130282.32\",\"128784.82\",\"127287.32\",\"125789.82\",\"124292.32\",\"122794.82\",\"121297.32\",\"119799.82\",\"118302.32\",\"116804.82\",\"115307.32\",\"113809.82\",\"112312.32\",\"110814.82\",\"109317.32\",\"107819.82\",\"106322.32\",\"104824.82\",\"103327.32\",\"101829.82\",\"100332.32\",\"98834.82\",\"97337.32\",\"95839.82\",\"94342.32\",\"92844.82\",\"91347.32\",\"89849.82\",\"88352.32\",\"86854.82\",\"85357.32\",\"83859.82\",\"82362.32\",\"80864.82\",\"79367.32\",\"77869.82\",\"76372.32\",\"74874.82\",\"73377.32\",\"71879.82\",\"70382.32\",\"68884.82\",\"67387.32\",\"65889.82\",\"64392.32\",\"62894.82\",\"61397.32\",\"59899.82\",\"58402.32\",\"56904.82\",\"55407.32\",\"53909.82\",\"52412.32\",\"50914.82\",\"49417.32\",\"47919.82\",\"46422.32\",\"44924.82\",\"43427.32\",\"41929.82\",\"40432.32\",\"38934.82\",\"37437.32\",\"35939.82\",\"34442.32\",\"32944.82\",\"31447.32\",\"29949.82\",\"28452.32\",\"26954.82\",\"25457.32\",\"23959.82\",\"22462.32\",\"20964.82\",\"19467.32\",\"17969.82\",\"16472.32\",\"14974.82\",\"13477.32\",\"11979.82\",\"10482.32\",\"8984.82\",\"7487.32\",\"5989.82\",\"4492.32\",\"2994.82\",\"1497.32\",\"-0.18\"],\"interest\":[\"0.00\",\"0.00\",\"0.00\",\"0.00\",\"0.00\",\"0.00\",\"0.00\",\"0.00\",\"0.00\",\"0.00\",\"0.00\",\"0.00\",\"0.00\",\"0.00\",\"0.00\",\"0.00\",\"0.00\",\"0.00\",\"0.00\",\"0.00\",\"0.00\",\"0.00\",\"0.00\",\"0.00\",\"0.00\",\"0.00\",\"0.00\",\"0.00\",\"0.00\",\"0.00\",\"0.00\",\"0.00\",\"0.00\",\"0.00\",\"0.00\",\"0.00\",\"0.00\",\"0.00\",\"0.00\",\"0.00\",\"0.00\",\"0.00\",\"0.00\",\"0.00\",\"0.00\",\"0.00\",\"0.00\",\"0.00\",\"0.00\",\"0.00\",\"0.00\",\"0.00\",\"0.00\",\"0.00\",\"0.00\",\"0.00\",\"0.00\",\"0.00\",\"0.00\",\"0.00\",\"0.00\",\"0.00\",\"0.00\",\"0.00\",\"0.00\",\"0.00\",\"0.00\",\"0.00\",\"0.00\",\"0.00\",\"0.00\",\"0.00\",\"0.00\",\"0.00\",\"0.00\",\"0.00\",\"0.00\",\"0.00\",\"0.00\",\"0.00\",\"0.00\",\"0.00\",\"0.00\",\"0.00\",\"0.00\",\"0.00\",\"0.00\",\"0.00\",\"0.00\",\"0.00\",\"0.00\",\"0.00\",\"0.00\",\"0.00\",\"0.00\",\"0.00\",\"0.00\",\"0.00\",\"0.00\",\"0.00\",\"0.00\",\"0.00\",\"0.00\",\"0.00\",\"0.00\",\"0.00\",\"0.00\",\"0.00\",\"0.00\",\"0.00\",\"0.00\",\"0.00\",\"0.00\",\"0.00\",\"0.00\",\"0.00\",\"0.00\",\"0.00\",\"0.00\",\"0.00\",\"0.00\",\"0.00\",\"0.00\",\"0.00\",\"0.00\",\"0.00\",\"0.00\",\"0.00\",\"0.00\",\"0.00\",\"0.00\",\"0.00\",\"0.00\",\"0.00\",\"0.00\",\"0.00\",\"0.00\",\"0.00\",\"0.00\",\"0.00\",\"0.00\",\"0.00\",\"0.00\",\"0.00\",\"0.00\",\"0.00\",\"0.00\",\"0.00\",\"0.00\",\"0.00\",\"0.00\",\"0.00\",\"0.00\",\"0.00\",\"0.00\",\"0.00\"],\"amount\":[\"1497.50\",\"1497.50\",\"1497.50\",\"1497.50\",\"1497.50\",\"1497.50\",\"1497.50\",\"1497.50\",\"1497.50\",\"1497.50\",\"1497.50\",\"1497.50\",\"1497.50\",\"1497.50\",\"1497.50\",\"1497.50\",\"1497.50\",\"1497.50\",\"1497.50\",\"1497.50\",\"1497.50\",\"1497.50\",\"1497.50\",\"1497.50\",\"1497.50\",\"1497.50\",\"1497.50\",\"1497.50\",\"1497.50\",\"1497.50\",\"1497.50\",\"1497.50\",\"1497.50\",\"1497.50\",\"1497.50\",\"1497.50\",\"1497.50\",\"1497.50\",\"1497.50\",\"1497.50\",\"1497.50\",\"1497.50\",\"1497.50\",\"1497.50\",\"1497.50\",\"1497.50\",\"1497.50\",\"1497.50\",\"1497.50\",\"1497.50\",\"1497.50\",\"1497.50\",\"1497.50\",\"1497.50\",\"1497.50\",\"1497.50\",\"1497.50\",\"1497.50\",\"1497.50\",\"1497.50\",\"1497.50\",\"1497.50\",\"1497.50\",\"1497.50\",\"1497.50\",\"1497.50\",\"1497.50\",\"1497.50\",\"1497.50\",\"1497.50\",\"1497.50\",\"1497.50\",\"1497.50\",\"1497.50\",\"1497.50\",\"1497.50\",\"1497.50\",\"1497.50\",\"1497.50\",\"1497.50\",\"1497.50\",\"1497.50\",\"1497.50\",\"1497.50\",\"1497.50\",\"1497.50\",\"1497.50\",\"1497.50\",\"1497.50\",\"1497.50\",\"1497.50\",\"1497.50\",\"1497.50\",\"1497.50\",\"1497.50\",\"1497.50\",\"1497.50\",\"1497.50\",\"1497.50\",\"1497.50\",\"1497.50\",\"1497.50\",\"1497.50\",\"1497.50\",\"1497.50\",\"1497.50\",\"1497.50\",\"1497.50\",\"1497.50\",\"1497.50\",\"1497.50\",\"1497.50\",\"1497.50\",\"1497.50\",\"1497.50\",\"1497.50\",\"1497.50\",\"1497.50\",\"1497.50\",\"1497.50\",\"1497.50\",\"1497.50\",\"1497.50\",\"1497.50\",\"1497.50\",\"1497.50\",\"1497.50\",\"1497.50\",\"1497.50\",\"1497.50\",\"1497.50\",\"1497.50\",\"1497.50\",\"1497.50\",\"1497.50\",\"1497.50\",\"1497.50\",\"1497.50\",\"1497.50\",\"1497.50\",\"1497.50\",\"1497.50\",\"1497.50\",\"1497.50\",\"1497.50\",\"1497.50\",\"1497.50\",\"1497.50\",\"1497.50\",\"1497.50\",\"1497.50\",\"1497.50\",\"1497.50\",\"1497.50\",\"1497.50\",\"1497.50\"]}}'),
(9, '11', '', '', 0, 11, 9, 4000, 5000, '', 346000.00, 346000.00, 'pending', 3, 0, 0, 1259038800, 1262149200, '{\"85\":\"4000\"}', 0, '{\"term\":\"86\",\"term_period\":\"month\",\"payment_sched\":null,\"interest_rate\":\"\",\"penalty\":null,\"payment_breakdown\":{\"schedule\":[\"12\\/30\\/2009\",\"1\\/30\\/2010\",\"2\\/28\\/2010\",\"3\\/30\\/2010\",\"4\\/30\\/2010\",\"5\\/30\\/2010\",\"6\\/30\\/2010\",\"7\\/30\\/2010\",\"8\\/30\\/2010\",\"9\\/30\\/2010\",\"10\\/30\\/2010\",\"11\\/30\\/2010\",\"12\\/30\\/2010\",\"1\\/30\\/2011\",\"2\\/28\\/2011\",\"3\\/30\\/2011\",\"4\\/30\\/2011\",\"5\\/30\\/2011\",\"6\\/30\\/2011\",\"7\\/30\\/2011\",\"8\\/30\\/2011\",\"9\\/30\\/2011\",\"10\\/30\\/2011\",\"11\\/30\\/2011\",\"12\\/30\\/2011\",\"1\\/30\\/2012\",\"2\\/28\\/2012\",\"3\\/30\\/2012\",\"4\\/30\\/2012\",\"5\\/30\\/2012\",\"6\\/30\\/2012\",\"7\\/30\\/2012\",\"8\\/30\\/2012\",\"9\\/30\\/2012\",\"10\\/30\\/2012\",\"11\\/30\\/2012\",\"12\\/30\\/2012\",\"1\\/30\\/2013\",\"2\\/28\\/2013\",\"3\\/30\\/2013\",\"4\\/30\\/2013\",\"5\\/30\\/2013\",\"6\\/30\\/2013\",\"7\\/30\\/2013\",\"8\\/30\\/2013\",\"9\\/30\\/2013\",\"10\\/30\\/2013\",\"11\\/30\\/2013\",\"12\\/30\\/2013\",\"1\\/30\\/2014\",\"2\\/28\\/2014\",\"3\\/30\\/2014\",\"4\\/30\\/2014\",\"5\\/30\\/2014\",\"6\\/30\\/2014\",\"7\\/30\\/2014\",\"8\\/30\\/2014\",\"9\\/30\\/2014\",\"10\\/30\\/2014\",\"11\\/30\\/2014\",\"12\\/30\\/2014\",\"1\\/30\\/2015\",\"2\\/28\\/2015\",\"3\\/30\\/2015\",\"4\\/30\\/2015\",\"5\\/30\\/2015\",\"6\\/30\\/2015\",\"7\\/30\\/2015\",\"8\\/30\\/2015\",\"9\\/30\\/2015\",\"10\\/30\\/2015\",\"11\\/30\\/2015\",\"12\\/30\\/2015\",\"1\\/30\\/2016\",\"2\\/28\\/2016\",\"3\\/30\\/2016\",\"4\\/30\\/2016\",\"5\\/30\\/2016\",\"6\\/30\\/2016\",\"7\\/30\\/2016\",\"8\\/30\\/2016\",\"9\\/30\\/2016\",\"10\\/30\\/2016\",\"11\\/30\\/2016\",\"12\\/30\\/2016\",\"1\\/30\\/2017\"],\"balance\":[\"341976.74\",\"337953.48\",\"333930.22\",\"329906.96\",\"325883.70\",\"321860.44\",\"317837.18\",\"313813.92\",\"309790.66\",\"305767.40\",\"301744.14\",\"297720.88\",\"293697.62\",\"289674.36\",\"285651.10\",\"281627.84\",\"277604.58\",\"273581.32\",\"269558.06\",\"265534.80\",\"261511.54\",\"257488.28\",\"253465.02\",\"249441.76\",\"245418.50\",\"241395.24\",\"237371.98\",\"233348.72\",\"229325.46\",\"225302.20\",\"221278.94\",\"217255.68\",\"213232.42\",\"209209.16\",\"205185.90\",\"201162.64\",\"197139.38\",\"193116.12\",\"189092.86\",\"185069.60\",\"181046.34\",\"177023.08\",\"172999.82\",\"168976.56\",\"164953.30\",\"160930.04\",\"156906.78\",\"152883.52\",\"148860.26\",\"144837.00\",\"140813.74\",\"136790.48\",\"132767.22\",\"128743.96\",\"124720.70\",\"120697.44\",\"116674.18\",\"112650.92\",\"108627.66\",\"104604.40\",\"100581.14\",\"96557.88\",\"92534.62\",\"88511.36\",\"84488.10\",\"80464.84\",\"76441.58\",\"72418.32\",\"68395.06\",\"64371.80\",\"60348.54\",\"56325.28\",\"52302.02\",\"48278.76\",\"44255.50\",\"40232.24\",\"36208.98\",\"32185.72\",\"28162.46\",\"24139.20\",\"20115.94\",\"16092.68\",\"12069.42\",\"8046.16\",\"4022.90\",\"-0.36\"],\"interest\":[\"0.00\",\"0.00\",\"0.00\",\"0.00\",\"0.00\",\"0.00\",\"0.00\",\"0.00\",\"0.00\",\"0.00\",\"0.00\",\"0.00\",\"0.00\",\"0.00\",\"0.00\",\"0.00\",\"0.00\",\"0.00\",\"0.00\",\"0.00\",\"0.00\",\"0.00\",\"0.00\",\"0.00\",\"0.00\",\"0.00\",\"0.00\",\"0.00\",\"0.00\",\"0.00\",\"0.00\",\"0.00\",\"0.00\",\"0.00\",\"0.00\",\"0.00\",\"0.00\",\"0.00\",\"0.00\",\"0.00\",\"0.00\",\"0.00\",\"0.00\",\"0.00\",\"0.00\",\"0.00\",\"0.00\",\"0.00\",\"0.00\",\"0.00\",\"0.00\",\"0.00\",\"0.00\",\"0.00\",\"0.00\",\"0.00\",\"0.00\",\"0.00\",\"0.00\",\"0.00\",\"0.00\",\"0.00\",\"0.00\",\"0.00\",\"0.00\",\"0.00\",\"0.00\",\"0.00\",\"0.00\",\"0.00\",\"0.00\",\"0.00\",\"0.00\",\"0.00\",\"0.00\",\"0.00\",\"0.00\",\"0.00\",\"0.00\",\"0.00\",\"0.00\",\"0.00\",\"0.00\",\"0.00\",\"0.00\",\"0.00\"],\"amount\":[\"4023.26\",\"4023.26\",\"4023.26\",\"4023.26\",\"4023.26\",\"4023.26\",\"4023.26\",\"4023.26\",\"4023.26\",\"4023.26\",\"4023.26\",\"4023.26\",\"4023.26\",\"4023.26\",\"4023.26\",\"4023.26\",\"4023.26\",\"4023.26\",\"4023.26\",\"4023.26\",\"4023.26\",\"4023.26\",\"4023.26\",\"4023.26\",\"4023.26\",\"4023.26\",\"4023.26\",\"4023.26\",\"4023.26\",\"4023.26\",\"4023.26\",\"4023.26\",\"4023.26\",\"4023.26\",\"4023.26\",\"4023.26\",\"4023.26\",\"4023.26\",\"4023.26\",\"4023.26\",\"4023.26\",\"4023.26\",\"4023.26\",\"4023.26\",\"4023.26\",\"4023.26\",\"4023.26\",\"4023.26\",\"4023.26\",\"4023.26\",\"4023.26\",\"4023.26\",\"4023.26\",\"4023.26\",\"4023.26\",\"4023.26\",\"4023.26\",\"4023.26\",\"4023.26\",\"4023.26\",\"4023.26\",\"4023.26\",\"4023.26\",\"4023.26\",\"4023.26\",\"4023.26\",\"4023.26\",\"4023.26\",\"4023.26\",\"4023.26\",\"4023.26\",\"4023.26\",\"4023.26\",\"4023.26\",\"4023.26\",\"4023.26\",\"4023.26\",\"4023.26\",\"4023.26\",\"4023.26\",\"4023.26\",\"4023.26\",\"4023.26\",\"4023.26\",\"4023.26\",\"4023.26\"]}}'),
(10, '12', '', '', 0, 12, 10, 20000, 5000, '', 330000.00, 330000.00, 'pending', 3, 0, 0, 1244001600, 1246334400, '{\"\":\"\"}', 0, '{\"term\":\"83\",\"term_period\":\"month\",\"payment_sched\":null,\"interest_rate\":\"\",\"penalty\":null,\"payment_breakdown\":{\"schedule\":[\"6\\/30\\/2009\",\"7\\/30\\/2009\",\"8\\/30\\/2009\",\"9\\/30\\/2009\",\"10\\/30\\/2009\",\"11\\/30\\/2009\",\"12\\/30\\/2009\",\"1\\/30\\/2010\",\"2\\/28\\/2010\",\"3\\/30\\/2010\",\"4\\/30\\/2010\",\"5\\/30\\/2010\",\"6\\/30\\/2010\",\"7\\/30\\/2010\",\"8\\/30\\/2010\",\"9\\/30\\/2010\",\"10\\/30\\/2010\",\"11\\/30\\/2010\",\"12\\/30\\/2010\",\"1\\/30\\/2011\",\"2\\/28\\/2011\",\"3\\/30\\/2011\",\"4\\/30\\/2011\",\"5\\/30\\/2011\",\"6\\/30\\/2011\",\"7\\/30\\/2011\",\"8\\/30\\/2011\",\"9\\/30\\/2011\",\"10\\/30\\/2011\",\"11\\/30\\/2011\",\"12\\/30\\/2011\",\"1\\/30\\/2012\",\"2\\/28\\/2012\",\"3\\/30\\/2012\",\"4\\/30\\/2012\",\"5\\/30\\/2012\",\"6\\/30\\/2012\",\"7\\/30\\/2012\",\"8\\/30\\/2012\",\"9\\/30\\/2012\",\"10\\/30\\/2012\",\"11\\/30\\/2012\",\"12\\/30\\/2012\",\"1\\/30\\/2013\",\"2\\/28\\/2013\",\"3\\/30\\/2013\",\"4\\/30\\/2013\",\"5\\/30\\/2013\",\"6\\/30\\/2013\",\"7\\/30\\/2013\",\"8\\/30\\/2013\",\"9\\/30\\/2013\",\"10\\/30\\/2013\",\"11\\/30\\/2013\",\"12\\/30\\/2013\",\"1\\/30\\/2014\",\"2\\/28\\/2014\",\"3\\/30\\/2014\",\"4\\/30\\/2014\",\"5\\/30\\/2014\",\"6\\/30\\/2014\",\"7\\/30\\/2014\",\"8\\/30\\/2014\",\"9\\/30\\/2014\",\"10\\/30\\/2014\",\"11\\/30\\/2014\",\"12\\/30\\/2014\",\"1\\/30\\/2015\",\"2\\/28\\/2015\",\"3\\/30\\/2015\",\"4\\/30\\/2015\",\"5\\/30\\/2015\",\"6\\/30\\/2015\",\"7\\/30\\/2015\",\"8\\/30\\/2015\",\"9\\/30\\/2015\",\"10\\/30\\/2015\",\"11\\/30\\/2015\",\"12\\/30\\/2015\",\"1\\/30\\/2016\",\"2\\/28\\/2016\",\"3\\/30\\/2016\",\"4\\/30\\/2016\"],\"balance\":[\"326000.00\",\"322000.00\",\"318000.00\",\"314000.00\",\"310000.00\",\"306000.00\",\"302000.00\",\"298000.00\",\"294000.00\",\"290000.00\",\"286000.00\",\"282000.00\",\"278000.00\",\"274000.00\",\"270000.00\",\"266000.00\",\"262000.00\",\"258000.00\",\"254000.00\",\"250000.00\",\"246000.00\",\"242000.00\",\"238000.00\",\"234000.00\",\"230000.00\",\"226000.00\",\"222000.00\",\"218000.00\",\"214000.00\",\"210000.00\",\"206000.00\",\"202000.00\",\"198000.00\",\"194000.00\",\"190000.00\",\"186000.00\",\"182000.00\",\"178000.00\",\"174000.00\",\"170000.00\",\"166000.00\",\"162000.00\",\"158000.00\",\"154000.00\",\"150000.00\",\"146000.00\",\"142000.00\",\"138000.00\",\"134000.00\",\"130000.00\",\"126000.00\",\"122000.00\",\"118000.00\",\"114000.00\",\"110000.00\",\"106000.00\",\"102000.00\",\"98000.00\",\"94000.00\",\"90000.00\",\"86000.00\",\"82000.00\",\"78000.00\",\"74000.00\",\"70000.00\",\"66000.00\",\"62000.00\",\"58000.00\",\"54000.00\",\"50000.00\",\"46000.00\",\"42000.00\",\"38000.00\",\"34000.00\",\"30000.00\",\"26000.00\",\"22000.00\",\"18000.00\",\"14000.00\",\"10000.00\",\"6000.00\",\"2000.00\",\"0.00\"],\"interest\":[\"0.00\",\"0.00\",\"0.00\",\"0.00\",\"0.00\",\"0.00\",\"0.00\",\"0.00\",\"0.00\",\"0.00\",\"0.00\",\"0.00\",\"0.00\",\"0.00\",\"0.00\",\"0.00\",\"0.00\",\"0.00\",\"0.00\",\"0.00\",\"0.00\",\"0.00\",\"0.00\",\"0.00\",\"0.00\",\"0.00\",\"0.00\",\"0.00\",\"0.00\",\"0.00\",\"0.00\",\"0.00\",\"0.00\",\"0.00\",\"0.00\",\"0.00\",\"0.00\",\"0.00\",\"0.00\",\"0.00\",\"0.00\",\"0.00\",\"0.00\",\"0.00\",\"0.00\",\"0.00\",\"0.00\",\"0.00\",\"0.00\",\"0.00\",\"0.00\",\"0.00\",\"0.00\",\"0.00\",\"0.00\",\"0.00\",\"0.00\",\"0.00\",\"0.00\",\"0.00\",\"0.00\",\"0.00\",\"0.00\",\"0.00\",\"0.00\",\"0.00\",\"0.00\",\"0.00\",\"0.00\",\"0.00\",\"0.00\",\"0.00\",\"0.00\",\"0.00\",\"0.00\",\"0.00\",\"0.00\",\"0.00\",\"0.00\",\"0.00\",\"0.00\",\"0.00\",\"0.00\"],\"amount\":[\"4000.00\",\"4000.00\",\"4000.00\",\"4000.00\",\"4000.00\",\"4000.00\",\"4000.00\",\"4000.00\",\"4000.00\",\"4000.00\",\"4000.00\",\"4000.00\",\"4000.00\",\"4000.00\",\"4000.00\",\"4000.00\",\"4000.00\",\"4000.00\",\"4000.00\",\"4000.00\",\"4000.00\",\"4000.00\",\"4000.00\",\"4000.00\",\"4000.00\",\"4000.00\",\"4000.00\",\"4000.00\",\"4000.00\",\"4000.00\",\"4000.00\",\"4000.00\",\"4000.00\",\"4000.00\",\"4000.00\",\"4000.00\",\"4000.00\",\"4000.00\",\"4000.00\",\"4000.00\",\"4000.00\",\"4000.00\",\"4000.00\",\"4000.00\",\"4000.00\",\"4000.00\",\"4000.00\",\"4000.00\",\"4000.00\",\"4000.00\",\"4000.00\",\"4000.00\",\"4000.00\",\"4000.00\",\"4000.00\",\"4000.00\",\"4000.00\",\"4000.00\",\"4000.00\",\"4000.00\",\"4000.00\",\"4000.00\",\"4000.00\",\"4000.00\",\"4000.00\",\"4000.00\",\"4000.00\",\"4000.00\",\"4000.00\",\"4000.00\",\"4000.00\",\"4000.00\",\"4000.00\",\"4000.00\",\"4000.00\",\"4000.00\",\"4000.00\",\"4000.00\",\"4000.00\",\"4000.00\",\"4000.00\",\"4000.00\",\"2000.00\"]}}');

-- --------------------------------------------------------

--
-- Estructura de tabla para la tabla `c19_loan_payments`
--

CREATE TABLE `c19_loan_payments` (
  `loan_payment_id` int(11) NOT NULL,
  `account` varchar(50) NOT NULL DEFAULT '0',
  `loan_id` int(11) NOT NULL,
  `customer_id` int(11) NOT NULL,
  `balance_amount` decimal(10,2) NOT NULL,
  `paid_amount` decimal(10,2) NOT NULL,
  `teller_id` int(11) NOT NULL,
  `date_paid` int(11) NOT NULL,
  `date_modified` int(11) NOT NULL,
  `modified_by` int(11) NOT NULL,
  `remarks` varchar(2000) NOT NULL,
  `delete_flag` int(1) NOT NULL DEFAULT 0
) ENGINE=InnoDB DEFAULT CHARSET=latin1;

-- --------------------------------------------------------

--
-- Estructura de tabla para la tabla `c19_loan_types`
--

CREATE TABLE `c19_loan_types` (
  `loan_type_id` int(11) NOT NULL,
  `name` varchar(255) NOT NULL,
  `description` varchar(255) NOT NULL,
  `term` int(11) NOT NULL,
  `term_period_type` varchar(50) NOT NULL,
  `payment_schedule` varchar(50) NOT NULL,
  `percent_charge1` decimal(10,2) NOT NULL,
  `period_charge1` int(11) NOT NULL,
  `period_type1` varchar(50) NOT NULL,
  `percent_charge2` decimal(10,2) NOT NULL,
  `period_charge2` int(11) NOT NULL,
  `period_type2` varchar(50) NOT NULL,
  `percent_charge3` decimal(10,2) NOT NULL,
  `period_charge3` int(11) NOT NULL,
  `period_type3` varchar(50) NOT NULL,
  `percent_charge4` decimal(10,2) NOT NULL,
  `period_charge4` int(11) NOT NULL,
  `period_type4` varchar(50) NOT NULL,
  `percent_charge5` decimal(10,2) NOT NULL,
  `period_charge5` int(11) NOT NULL,
  `period_type5` varchar(50) NOT NULL,
  `percent_charge6` decimal(10,2) NOT NULL,
  `period_charge6` int(11) NOT NULL,
  `period_type6` varchar(50) NOT NULL,
  `percent_charge7` decimal(10,2) NOT NULL,
  `period_charge7` int(11) NOT NULL,
  `period_type7` varchar(50) NOT NULL,
  `percent_charge8` decimal(10,2) NOT NULL,
  `period_charge8` int(11) NOT NULL,
  `period_type8` varchar(50) NOT NULL,
  `percent_charge9` decimal(10,2) NOT NULL,
  `period_charge9` int(11) NOT NULL,
  `period_type9` varchar(50) NOT NULL,
  `percent_charge10` decimal(10,2) NOT NULL,
  `period_charge10` int(11) NOT NULL,
  `period_type10` varchar(50) NOT NULL,
  `added_by` int(11) NOT NULL,
  `date_added` int(11) NOT NULL,
  `modified_by` int(11) NOT NULL,
  `date_modified` int(11) NOT NULL
) ENGINE=InnoDB DEFAULT CHARSET=latin1;

--
-- Volcado de datos para la tabla `c19_loan_types`
--

INSERT INTO `c19_loan_types` (`loan_type_id`, `name`, `description`, `term`, `term_period_type`, `payment_schedule`, `percent_charge1`, `period_charge1`, `period_type1`, `percent_charge2`, `period_charge2`, `period_type2`, `percent_charge3`, `period_charge3`, `period_type3`, `percent_charge4`, `period_charge4`, `period_type4`, `percent_charge5`, `period_charge5`, `period_type5`, `percent_charge6`, `period_charge6`, `period_type6`, `percent_charge7`, `period_charge7`, `period_type7`, `percent_charge8`, `period_charge8`, `period_type8`, `percent_charge9`, `period_charge9`, `period_type9`, `percent_charge10`, `period_charge10`, `period_type10`, `added_by`, `date_added`, `modified_by`, `date_modified`) VALUES
(8, 'test', 'fds fasdfasdf', 5, 'month', 'weekly', 12.00, 0, 'Week', 0.00, 0, 'Week', 0.00, 0, 'Week', 0.00, 0, 'Week', 0.00, 0, 'Week', 0.00, 0, 'Week', 0.00, 0, 'Week', 0.00, 0, 'Week', 0.00, 0, 'Week', 0.00, 0, 'Week', 1, 1456477469, 0, 0),
(9, 'norman_type', 'fasdfa sdfas', 5, 'month', 'weekly', 12.00, 0, 'Week', 0.00, 0, 'Week', 0.00, 0, 'Week', 0.00, 0, 'Week', 0.00, 0, 'Week', 0.00, 0, 'Week', 0.00, 0, 'Week', 0.00, 0, 'Week', 0.00, 0, 'Week', 0.00, 0, 'Week', 2, 1456477650, 0, 0);

-- --------------------------------------------------------

--
-- Estructura de tabla para la tabla `c19_lotes`
--

CREATE TABLE `c19_lotes` (
  `lote_id` int(10) NOT NULL,
  `desarrollo` varchar(255) NOT NULL,
  `sm` varchar(10) NOT NULL,
  `lote` varchar(10) NOT NULL,
  `superficie` int(11) NOT NULL DEFAULT 1000,
  `estado` varchar(10) NOT NULL DEFAULT 'disponible',
  `comentarios` varchar(256) NOT NULL,
  `deleted` int(1) NOT NULL DEFAULT 0,
  `added_by` int(5) DEFAULT NULL
) ENGINE=InnoDB DEFAULT CHARSET=utf8;

--
-- Volcado de datos para la tabla `c19_lotes`
--

INSERT INTO `c19_lotes` (`lote_id`, `desarrollo`, `sm`, `lote`, `superficie`, `estado`, `comentarios`, `deleted`, `added_by`) VALUES
(1, 'sin desarrollo', '0', '0', 0, 'disponible', 'nada', 0, 1),
(2, 'LA SELVA', 'B2', '9', 1000, 'disponible', 'sin comentarios', 0, 1),
(3, 'JUNGLA MAYA', 'B', '11', 1000, 'disponible', 'SE ARCHIVAN 3 JUEGOS DE CONTRATO', 0, 3),
(4, 'JUNGLA MAYA', 'A', '11', 2000, 'disponible', 'JORGE EDUARDO ROSAS CANTO ', 0, 3),
(5, 'JUNGLA MAYA', 'S/N', '11', 2000, 'disponible', 'JUNGLA MAYA 11', 0, 3),
(6, 'JUNGLA MAYA', 'S/N', '5', 5000, 'disponible', 'FRANCO HERNANDEZ GASPAR', 0, 3),
(7, 'JUNGLA MAYA', 'S/N', '21 B', 2000, 'disponible', 'CARLOS EDUARDO PERERA CAMARGO', 0, 3),
(8, 'JUNGLA MAYA ', 'C', '24', 3943, 'disponible', 'MUÑIZ GRANADOS RAYMUNDO ', 0, 3),
(9, 'JUNGLA MAYA', 'S/N', '25', 5000, 'disponible', 'POZOS AGUILAR ISABEL', 0, 3),
(10, 'JUNGLA MAYA', 'S/N', 'LOTE 26', 5000, 'disponible', 'FOMPEROSA GAMINO ALEJANDRA', 0, 3);

-- --------------------------------------------------------

--
-- Estructura de tabla para la tabla `c19_messages`
--

CREATE TABLE `c19_messages` (
  `message_id` int(11) NOT NULL,
  `sender_id` int(11) NOT NULL DEFAULT 0,
  `recipient_id` int(11) NOT NULL DEFAULT 0,
  `mark_as_read` tinyint(1) NOT NULL DEFAULT 0,
  `header` varchar(300) NOT NULL,
  `body` text NOT NULL,
  `send_date` date NOT NULL,
  `receive_date` date NOT NULL,
  `sender_delete_flag` tinyint(4) NOT NULL DEFAULT 0,
  `recipient_delete_flag` tinyint(4) NOT NULL DEFAULT 0
) ENGINE=InnoDB DEFAULT CHARSET=latin1;

-- --------------------------------------------------------

--
-- Estructura de tabla para la tabla `c19_modules`
--

CREATE TABLE `c19_modules` (
  `module_id` varchar(255) NOT NULL,
  `name_lang_key` varchar(255) NOT NULL,
  `desc_lang_key` varchar(255) NOT NULL,
  `sort` int(10) NOT NULL,
  `icons` varchar(255) NOT NULL,
  `is_active` tinyint(1) NOT NULL DEFAULT 1
) ENGINE=InnoDB DEFAULT CHARSET=utf8;

--
-- Volcado de datos para la tabla `c19_modules`
--

INSERT INTO `c19_modules` (`module_id`, `name_lang_key`, `desc_lang_key`, `sort`, `icons`, `is_active`) VALUES
('config', 'module_config', 'module_config_desc', 100, '<i class=\"fa fa-cogs\" style=\"font-size: 50px; color:#26B6AE\"></i>', 1),
('customers', 'module_customers', 'module_customers_desc', 10, '<i class=\"fa fa-smile-o\" style=\"font-size: 50px; color:#FF5400\"></i>', 1),
('emails', 'module_email', 'module_email_desc', 0, '<i class=\"fa fa-envelope\" style=\"font-size: 50px; color:#26B6AE\"></i>', 0),
('employees', 'module_employees', 'module_employees_desc', 80, '<i class=\"fa fa-users\" style=\"font-size: 50px; color:#FF5400\"></i>', 1),
('loans', 'module_loans', 'module_loans_desc', 80, '<i class=\"fa fa-money\" style=\"font-size: 50px; color:#4EA216\"></i>', 1),
('loan_types', 'module_loan_types', 'module_loan_types_desc', 79, '<i class=\"fa fa-sitemap\" style=\"font-size: 50px; color:#e80a0a\"></i>', 1),
('lotes', 'module_lotes', 'module_lotes_desc', 10, '<i class=\"fa fa-home\" style=\"font-size: 50px; color:#FF5400\"></i>', 1),
('messages', 'module_messages', 'module_messages_desc', 80, '<i class=\"fa fa-envelope\" style=\"font-size: 50px; color:#4EA216\"></i>', 0),
('my_wallets', 'module_my_wallets', 'module_my_wallets_desc', 79, '<i class=\"fa fa-briefcase\" style=\"font-size: 50px; color:#e80a0a\"></i>', 0),
('overdues', 'module_overdues', 'module_overdues_desc', 80, '<i class=\"fa fa-file\" style=\"font-size: 50px; color:#1b926c\"></i>', 0),
('payments', 'module_payments', 'module_payments_desc', 80, '<i class=\"fa fa-paypal\" style=\"font-size: 50px; color:#2B9EC4\"></i>', 0),
('plugins', 'module_plugins', 'module_plugins_desc', 99, '<i class=\"fa fa-wrench\" style=\"font-size: 50px; color:#2B9EC4\"></i>', 0),
('roles', 'module_roles', 'module_roles_desc', 79, '<i class=\"fa fa-cogs\" style=\"font-size: 50px; color:#1b926c\"></i>', 1);

-- --------------------------------------------------------

--
-- Estructura de tabla para la tabla `c19_payment_schedules`
--

CREATE TABLE `c19_payment_schedules` (
  `payment_schedule_id` int(11) NOT NULL,
  `name` varchar(50) NOT NULL,
  `recurrence` int(11) NOT NULL DEFAULT 0,
  `delete_flag` tinyint(1) NOT NULL DEFAULT 0
) ENGINE=InnoDB DEFAULT CHARSET=latin1;

--
-- Volcado de datos para la tabla `c19_payment_schedules`
--

INSERT INTO `c19_payment_schedules` (`payment_schedule_id`, `name`, `recurrence`, `delete_flag`) VALUES
(1, 'weekly', 0, 0),
(2, 'biweekly', 0, 0),
(3, 'monthly', 0, 0),
(4, 'bimonthly', 0, 0);

-- --------------------------------------------------------

--
-- Estructura de tabla para la tabla `c19_people`
--

CREATE TABLE `c19_people` (
  `person_id` int(10) NOT NULL,
  `first_name` varchar(255) NOT NULL,
  `last_name` varchar(255) NOT NULL,
  `photo_url` varchar(255) NOT NULL,
  `phone_number` varchar(255) NOT NULL,
  `email` varchar(255) NOT NULL,
  `address_1` varchar(255) NOT NULL,
  `address_2` varchar(255) NOT NULL,
  `city` varchar(255) NOT NULL,
  `state` varchar(255) NOT NULL,
  `zip` varchar(255) NOT NULL,
  `country` varchar(255) NOT NULL,
  `comments` text NOT NULL,
  `role_id` int(11) NOT NULL
) ENGINE=InnoDB DEFAULT CHARSET=utf8;

--
-- Volcado de datos para la tabla `c19_people`
--

INSERT INTO `c19_people` (`person_id`, `first_name`, `last_name`, `photo_url`, `phone_number`, `email`, `address_1`, `address_2`, `city`, `state`, `zip`, `country`, `comments`, `role_id`) VALUES
(1, 'Admin1', 'Admin', 'o_1f1i3l6a715sk1vcp1eqp1vc11m2q8.jpg', '421-2583', 'admin@loans.com', 'nowhere', '', '', '', '', '', '', 13),
(2, 'sin nombre', 'sin apellido', '', 'sin tel casa', 'a@a.com', 'sin direccion', 'sin direccion2', 'NA', 'NA', 'NA', 'NA', 'sin comentarios', 0),
(3, 'Reyna', 'Vazquez', '', '', '', '', '', '', '', '', '', '', 13),
(4, 'Javier ', 'Gómez Mejia', '', 'Sin telefono de casa', 'clauxaspa@gmail.com', 'Bulevar Kukulkan Km.12.5 Isla dorada, hechizada D.12 ', 'Sin Direccion', 'NA', 'NA', 'NA', 'NA', 'Sin comentarios', 0),
(5, 'Viridiana', 'gerente', '', '', '', '', '', '', '', '', '', '', 13),
(6, 'JORGE EDUARDO ', 'ROSAS CANTO', 'o_1f28ordl71o141ske1g2g1ascpe3c.jpg', '', '', 'SMZ-50 MZA-35 LT-21 LA CASTELLANA', '', 'NA', 'NA', 'NA', 'NA', 'DOCUMENTACION COMPLETA\n', 0),
(7, 'JAIME', 'PORRAS BADILLO', 'o_1f33n5r561e7hsugfk7192f139jc.jpg', '9982414894', 'jaimeporrasbadillo@gmail.com', 'SM-43 M-1 LOTE-18 LOC.2 PD #4 EDIFICIO COZUMEL', '', 'NA', 'NA', 'NA', 'NA', '', 0),
(8, 'GASPAR', 'FRANCO HERNANDEZ', 'o_1f33ueaiact719e1135mb30kgec.jpg', '9383891360', 'gfrancoh@pep.pemex.com', 'CALLE TIKAL 10 FRACC. MUNDO MAYA ', 'C.D DEL CARMEN  CAMPECHE', 'NA', 'NA', 'NA', 'NA', '', 0),
(9, 'CARLOS EDUARDO', 'PERERA CAMARGO', 'o_1f341o0jk1jpi1c0cl7qkl51vsak.jpg', '', 'CAPROCI@HOTMAIL.COM', 'CALLE BELICE CASA 5 MZ 16 LT 2 SM 57 RESIDENCIAL LAS AMERICAS ', '', 'NA', 'NA', 'NA', 'NA', '', 0),
(10, 'RAYMUNDO', 'MUÑIZ GRANADOS ', '', '', 'raymundo1.muniz@gmail.com', 'CALLE CARABELA 34 B VILLAS MORELOS 1', 'MPO BENITO JUAREZ ', 'NA', 'NA', 'NA', 'NA', '', 0),
(11, 'ISABEL', 'POZOS AGUILAR', 'o_1f35rlv0115r511u91mqlmji1n19c.jpg', '9361051743', 'ppriego@hotmail.com', 'AV. POZOS CHILOPILLA MZ 3 CASA 28 ', 'C.D PEMEX MOC. TABASCO ', 'NA', 'NA', 'NA', 'NA', 'EXPEDIENTE NO CUENTA CON COMPROBANTE DE DOMICILIO', 0),
(12, 'ALEJANDRA', 'FOMPEROSA GAMINO', '', '01(938)8811200 / 51195', 'a_fomperosa@hotmail.com', 'CALLE SAN JAVIER #38 MZ 1 MISION DEL CARMEN', 'CD. DEL CARMEN CAMPECHE', 'NA', 'NA', 'NA', 'NA', '', 0);

-- --------------------------------------------------------

--
-- Estructura de tabla para la tabla `c19_permissions`
--

CREATE TABLE `c19_permissions` (
  `permission_id` varchar(255) NOT NULL,
  `module_id` varchar(255) NOT NULL,
  `location_id` int(10) DEFAULT NULL
) ENGINE=InnoDB DEFAULT CHARSET=utf8;

--
-- Volcado de datos para la tabla `c19_permissions`
--

INSERT INTO `c19_permissions` (`permission_id`, `module_id`, `location_id`) VALUES
('config', 'config', NULL),
('customers', 'customers', NULL),
('emails', 'emails', NULL),
('employees', 'employees', NULL),
('loans', 'loans', NULL),
('loan_types', 'loan_types', NULL),
('lotes', 'lotes', NULL),
('messages', 'messages', NULL),
('my_wallets', 'my_wallets', NULL),
('overdues', 'overdues', NULL),
('payments', 'payments', NULL),
('plugins', 'plugins', NULL),
('roles', 'roles', NULL);

-- --------------------------------------------------------

--
-- Estructura de tabla para la tabla `c19_plugins`
--

CREATE TABLE `c19_plugins` (
  `plugin_id` int(11) NOT NULL,
  `module_name` varchar(200) NOT NULL,
  `module_desc` varchar(200) NOT NULL,
  `module_settings` text NOT NULL,
  `status_flag` enum('Active','Inactive') NOT NULL DEFAULT 'Inactive'
) ENGINE=InnoDB DEFAULT CHARSET=latin1;

-- --------------------------------------------------------

--
-- Estructura de tabla para la tabla `c19_roles`
--

CREATE TABLE `c19_roles` (
  `role_id` int(11) NOT NULL,
  `name` varchar(200) NOT NULL,
  `low_level` varchar(200) NOT NULL,
  `rights` text NOT NULL,
  `added_by` int(11) NOT NULL
) ENGINE=InnoDB DEFAULT CHARSET=latin1;

--
-- Volcado de datos para la tabla `c19_roles`
--

INSERT INTO `c19_roles` (`role_id`, `name`, `low_level`, `rights`, `added_by`) VALUES
(13, 'admin', '[\"13\",\"15\"]', '[\"emails\",\"lotes\",\"customers\",\"roles\",\"loan_types\",\"my_wallets\",\"loans\",\"messages\",\"overdues\",\"payments\",\"employees\",\"config\"]', 1),
(15, 'Staff', 'false', '[\"customers\",\"roles\",\"loan_types\"]', 1);

-- --------------------------------------------------------

--
-- Estructura de tabla para la tabla `c19_sessions`
--

CREATE TABLE `c19_sessions` (
  `session_id` varchar(40) NOT NULL DEFAULT '0',
  `ip_address` varchar(45) NOT NULL DEFAULT '0',
  `user_agent` varchar(120) NOT NULL,
  `last_activity` int(10) UNSIGNED NOT NULL DEFAULT 0,
  `user_data` text DEFAULT NULL
) ENGINE=InnoDB DEFAULT CHARSET=utf8;

--
-- Volcado de datos para la tabla `c19_sessions`
--

INSERT INTO `c19_sessions` (`session_id`, `ip_address`, `user_agent`, `last_activity`, `user_data`) VALUES
('19b3acbcc0cf7ac87edc55f4e79a2edf', '::1', 'Mozilla/5.0 (Windows NT 6.3; WOW64) AppleWebKit/537.36 (KHTML, like Gecko) Chrome/53.0.2785.143 Safari/537.36', 1476594341, ''),
('2be56e964905cdfc808499232b814f7d', '::1', 'Mozilla/5.0 (Windows NT 10.0; WOW64) AppleWebKit/537.36 (KHTML, like Gecko) Chrome/48.0.2564.116 Safari/537.36', 1457925550, ''),
('573781a90e84892b448238abc6e51686', '::1', 'Mozilla/5.0 (Windows NT 6.3; WOW64) AppleWebKit/537.36 (KHTML, like Gecko) Chrome/53.0.2785.143 Safari/537.36', 1476594341, 'a:2:{s:9:\"user_data\";s:0:\"\";s:9:\"person_id\";s:1:\"1\";}'),
('6108c8326f39bed970692f5ec60d0c3e', '::1', 'Mozilla/5.0 (Windows NT 10.0; WOW64) AppleWebKit/537.36 (KHTML, like Gecko) Chrome/48.0.2564.116 Safari/537.36', 1457941852, 'a:2:{s:9:\"user_data\";s:0:\"\";s:9:\"person_id\";s:1:\"1\";}'),
('79e2d16b2d4a4347d55f2c986acc987a', '::1', 'Mozilla/5.0 (Windows NT 6.3; WOW64) AppleWebKit/537.36 (KHTML, like Gecko) Chrome/53.0.2785.143 Safari/537.36', 1476603802, 'a:3:{s:9:\"person_id\";s:1:\"1\";s:4:\"data\";a:2:{s:6:\"params\";a:3:{s:4:\"name\";s:36:\"o_1av66hk6o1vab10e91eoh1su11r688.jpg\";s:7:\"user_id\";s:1:\"1\";s:9:\"softtoken\";s:32:\"4accd073402639e6b42c62615c464d11\";}s:8:\"filename\";s:36:\"o_1av66hk6o1vab10e91eoh1su11r688.jpg\";}s:6:\"linker\";s:16:\"v674W7tyKAiPgFpT\";}'),
('9cd728f4fd4455ba79cd698515a697fb', '::1', 'Mozilla/5.0 (Windows NT 10.0; WOW64) AppleWebKit/537.36 (KHTML, like Gecko) Chrome/48.0.2564.116 Safari/537.36', 1458184977, 'a:2:{s:9:\"user_data\";s:0:\"\";s:9:\"person_id\";s:1:\"1\";}'),
('ae78b2310cba875b73b8a3e0ebce6741', '::1', 'Mozilla/5.0 (Windows NT 10.0; WOW64) AppleWebKit/537.36 (KHTML, like Gecko) Chrome/48.0.2564.116 Safari/537.36', 1456479807, ''),
('e62cbed658e0108e3d389077112d735d', '::1', 'Mozilla/5.0 (Windows NT 10.0; WOW64) AppleWebKit/537.36 (KHTML, like Gecko) Chrome/48.0.2564.116 Safari/537.36', 1457426042, 'a:2:{s:9:\"user_data\";s:0:\"\";s:9:\"person_id\";s:1:\"1\";}');

-- --------------------------------------------------------

--
-- Estructura de tabla para la tabla `c19_smtp`
--

CREATE TABLE `c19_smtp` (
  `smtp_id` int(11) NOT NULL,
  `smtp_host` varchar(300) NOT NULL,
  `smtp_port` int(11) NOT NULL,
  `smtp_user` varchar(300) NOT NULL,
  `smtp_pass` varchar(300) NOT NULL
) ENGINE=InnoDB DEFAULT CHARSET=latin1;

--
-- Volcado de datos para la tabla `c19_smtp`
--

INSERT INTO `c19_smtp` (`smtp_id`, `smtp_host`, `smtp_port`, `smtp_user`, `smtp_pass`) VALUES
(1, '', 0, '', '');

-- --------------------------------------------------------

--
-- Estructura de tabla para la tabla `c19_wallets`
--

CREATE TABLE `c19_wallets` (
  `wallet_id` int(11) NOT NULL,
  `amount` decimal(10,2) NOT NULL,
  `descriptions` varchar(200) NOT NULL,
  `wallet_type` enum('debit','credit','transfer') NOT NULL,
  `trans_date` int(11) NOT NULL,
  `added_by` int(11) NOT NULL,
  `transfer_to` int(11) NOT NULL
) ENGINE=InnoDB DEFAULT CHARSET=latin1;

--
-- Índices para tablas volcadas
--

--
-- Indices de la tabla `c19_app_config`
--
ALTER TABLE `c19_app_config`
  ADD PRIMARY KEY (`key`);

--
-- Indices de la tabla `c19_attachments`
--
ALTER TABLE `c19_attachments`
  ADD PRIMARY KEY (`attachment_id`);

--
-- Indices de la tabla `c19_customers`
--
ALTER TABLE `c19_customers`
  ADD UNIQUE KEY `account_number` (`account_number`),
  ADD KEY `person_id` (`person_id`);

--
-- Indices de la tabla `c19_emails`
--
ALTER TABLE `c19_emails`
  ADD PRIMARY KEY (`email_id`);

--
-- Indices de la tabla `c19_employees`
--
ALTER TABLE `c19_employees`
  ADD UNIQUE KEY `username` (`username`),
  ADD KEY `person_id` (`person_id`);

--
-- Indices de la tabla `c19_financial_status`
--
ALTER TABLE `c19_financial_status`
  ADD PRIMARY KEY (`financial_status_id`);

--
-- Indices de la tabla `c19_grants`
--
ALTER TABLE `c19_grants`
  ADD PRIMARY KEY (`permission_id`,`person_id`),
  ADD KEY `ospos_grants_ibfk_2` (`person_id`);

--
-- Indices de la tabla `c19_guarantee`
--
ALTER TABLE `c19_guarantee`
  ADD PRIMARY KEY (`guarantee_id`);

--
-- Indices de la tabla `c19_loans`
--
ALTER TABLE `c19_loans`
  ADD PRIMARY KEY (`loan_id`);

--
-- Indices de la tabla `c19_loan_payments`
--
ALTER TABLE `c19_loan_payments`
  ADD PRIMARY KEY (`loan_payment_id`);

--
-- Indices de la tabla `c19_loan_types`
--
ALTER TABLE `c19_loan_types`
  ADD PRIMARY KEY (`loan_type_id`);

--
-- Indices de la tabla `c19_lotes`
--
ALTER TABLE `c19_lotes`
  ADD PRIMARY KEY (`lote_id`);

--
-- Indices de la tabla `c19_messages`
--
ALTER TABLE `c19_messages`
  ADD PRIMARY KEY (`message_id`);

--
-- Indices de la tabla `c19_modules`
--
ALTER TABLE `c19_modules`
  ADD PRIMARY KEY (`module_id`),
  ADD UNIQUE KEY `desc_lang_key` (`desc_lang_key`),
  ADD UNIQUE KEY `name_lang_key` (`name_lang_key`);

--
-- Indices de la tabla `c19_payment_schedules`
--
ALTER TABLE `c19_payment_schedules`
  ADD PRIMARY KEY (`payment_schedule_id`);

--
-- Indices de la tabla `c19_people`
--
ALTER TABLE `c19_people`
  ADD PRIMARY KEY (`person_id`);

--
-- Indices de la tabla `c19_permissions`
--
ALTER TABLE `c19_permissions`
  ADD PRIMARY KEY (`permission_id`),
  ADD KEY `module_id` (`module_id`),
  ADD KEY `ospos_permissions_ibfk_2` (`location_id`);

--
-- Indices de la tabla `c19_plugins`
--
ALTER TABLE `c19_plugins`
  ADD PRIMARY KEY (`plugin_id`);

--
-- Indices de la tabla `c19_roles`
--
ALTER TABLE `c19_roles`
  ADD PRIMARY KEY (`role_id`);

--
-- Indices de la tabla `c19_sessions`
--
ALTER TABLE `c19_sessions`
  ADD PRIMARY KEY (`session_id`);

--
-- Indices de la tabla `c19_smtp`
--
ALTER TABLE `c19_smtp`
  ADD PRIMARY KEY (`smtp_id`);

--
-- Indices de la tabla `c19_wallets`
--
ALTER TABLE `c19_wallets`
  ADD PRIMARY KEY (`wallet_id`);

--
-- AUTO_INCREMENT de las tablas volcadas
--

--
-- AUTO_INCREMENT de la tabla `c19_attachments`
--
ALTER TABLE `c19_attachments`
  MODIFY `attachment_id` int(11) NOT NULL AUTO_INCREMENT, AUTO_INCREMENT=30;

--
-- AUTO_INCREMENT de la tabla `c19_emails`
--
ALTER TABLE `c19_emails`
  MODIFY `email_id` int(11) NOT NULL AUTO_INCREMENT;

--
-- AUTO_INCREMENT de la tabla `c19_financial_status`
--
ALTER TABLE `c19_financial_status`
  MODIFY `financial_status_id` int(11) NOT NULL AUTO_INCREMENT, AUTO_INCREMENT=10;

--
-- AUTO_INCREMENT de la tabla `c19_guarantee`
--
ALTER TABLE `c19_guarantee`
  MODIFY `guarantee_id` int(11) NOT NULL AUTO_INCREMENT;

--
-- AUTO_INCREMENT de la tabla `c19_loans`
--
ALTER TABLE `c19_loans`
  MODIFY `loan_id` int(11) NOT NULL AUTO_INCREMENT, AUTO_INCREMENT=11;

--
-- AUTO_INCREMENT de la tabla `c19_loan_payments`
--
ALTER TABLE `c19_loan_payments`
  MODIFY `loan_payment_id` int(11) NOT NULL AUTO_INCREMENT;

--
-- AUTO_INCREMENT de la tabla `c19_loan_types`
--
ALTER TABLE `c19_loan_types`
  MODIFY `loan_type_id` int(11) NOT NULL AUTO_INCREMENT, AUTO_INCREMENT=10;

--
-- AUTO_INCREMENT de la tabla `c19_lotes`
--
ALTER TABLE `c19_lotes`
  MODIFY `lote_id` int(10) NOT NULL AUTO_INCREMENT, AUTO_INCREMENT=11;

--
-- AUTO_INCREMENT de la tabla `c19_messages`
--
ALTER TABLE `c19_messages`
  MODIFY `message_id` int(11) NOT NULL AUTO_INCREMENT;

--
-- AUTO_INCREMENT de la tabla `c19_payment_schedules`
--
ALTER TABLE `c19_payment_schedules`
  MODIFY `payment_schedule_id` int(11) NOT NULL AUTO_INCREMENT, AUTO_INCREMENT=5;

--
-- AUTO_INCREMENT de la tabla `c19_people`
--
ALTER TABLE `c19_people`
  MODIFY `person_id` int(10) NOT NULL AUTO_INCREMENT, AUTO_INCREMENT=13;

--
-- AUTO_INCREMENT de la tabla `c19_plugins`
--
ALTER TABLE `c19_plugins`
  MODIFY `plugin_id` int(11) NOT NULL AUTO_INCREMENT;

--
-- AUTO_INCREMENT de la tabla `c19_roles`
--
ALTER TABLE `c19_roles`
  MODIFY `role_id` int(11) NOT NULL AUTO_INCREMENT, AUTO_INCREMENT=16;

--
-- AUTO_INCREMENT de la tabla `c19_smtp`
--
ALTER TABLE `c19_smtp`
  MODIFY `smtp_id` int(11) NOT NULL AUTO_INCREMENT, AUTO_INCREMENT=2;

--
-- AUTO_INCREMENT de la tabla `c19_wallets`
--
ALTER TABLE `c19_wallets`
  MODIFY `wallet_id` int(11) NOT NULL AUTO_INCREMENT;

--
-- Restricciones para tablas volcadas
--

--
-- Filtros para la tabla `c19_customers`
--
ALTER TABLE `c19_customers`
  ADD CONSTRAINT `c19_customers_ibfk_1` FOREIGN KEY (`person_id`) REFERENCES `c19_people` (`person_id`);

--
-- Filtros para la tabla `c19_employees`
--
ALTER TABLE `c19_employees`
  ADD CONSTRAINT `c19_employees_ibfk_1` FOREIGN KEY (`person_id`) REFERENCES `c19_people` (`person_id`);

--
-- Filtros para la tabla `c19_grants`
--
ALTER TABLE `c19_grants`
  ADD CONSTRAINT `c19_grants_ibfk_1` FOREIGN KEY (`permission_id`) REFERENCES `c19_permissions` (`permission_id`),
  ADD CONSTRAINT `c19_grants_ibfk_2` FOREIGN KEY (`person_id`) REFERENCES `c19_employees` (`person_id`);

--
-- Filtros para la tabla `c19_permissions`
--
ALTER TABLE `c19_permissions`
  ADD CONSTRAINT `c19_permissions_ibfk_1` FOREIGN KEY (`module_id`) REFERENCES `c19_modules` (`module_id`) ON DELETE CASCADE,
  ADD CONSTRAINT `c19_permissions_ibfk_2` FOREIGN KEY (`location_id`) REFERENCES `kpos_stock_locations` (`location_id`) ON DELETE CASCADE;
COMMIT;

/*!40101 SET CHARACTER_SET_CLIENT=@OLD_CHARACTER_SET_CLIENT */;
/*!40101 SET CHARACTER_SET_RESULTS=@OLD_CHARACTER_SET_RESULTS */;
/*!40101 SET COLLATION_CONNECTION=@OLD_COLLATION_CONNECTION */;
